Radius,X_Position,Y_Position,Area,Surface2d,Volume,image_path,mask_path,shape
26,139,434,2123,82,73585,../images_assorted/image_1.png,../masks_assorted/mask_1.png,circle
94,219,162,27745,295,3477378,../images_assorted/image_2.png,../masks_assorted/mask_2.png,circle
49,378,210,2401,196,117649,../images_assorted/image_3.png,../masks_assorted/mask_3.png,square
21,427,108,220,72,9261,../images_assorted/image_4.png,../masks_assorted/mask_4.png,triange
43,78,218,1849,172,79507,../images_assorted/image_5.png,../masks_assorted/mask_5.png,square
61,407,428,1860,208,226981,../images_assorted/image_6.png,../masks_assorted/mask_6.png,triange
65,439,325,4225,260,274625,../images_assorted/image_7.png,../masks_assorted/mask_7.png,square
52,366,114,2704,208,140608,../images_assorted/image_8.png,../masks_assorted/mask_8.png,square
23,413,382,1661,72,50939,../images_assorted/image_9.png,../masks_assorted/mask_9.png,circle
35,107,306,3846,110,179503,../images_assorted/image_10.png,../masks_assorted/mask_10.png,circle
109,210,340,37306,342,5421855,../images_assorted/image_11.png,../masks_assorted/mask_11.png,circle
96,129,405,4608,328,884736,../images_assorted/image_12.png,../masks_assorted/mask_12.png,triange
33,266,123,1089,132,35937,../images_assorted/image_13.png,../masks_assorted/mask_13.png,square
106,399,390,11236,424,1191016,../images_assorted/image_14.png,../masks_assorted/mask_14.png,square
50,115,230,2500,200,125000,../images_assorted/image_15.png,../masks_assorted/mask_15.png,square
24,340,66,1809,75,57876,../images_assorted/image_16.png,../masks_assorted/mask_16.png,circle
102,201,171,32669,320,4442924,../images_assorted/image_17.png,../masks_assorted/mask_17.png,circle
107,252,368,5724,365,1225043,../images_assorted/image_18.png,../masks_assorted/mask_18.png,triange
88,367,373,3872,300,681472,../images_assorted/image_19.png,../masks_assorted/mask_19.png,triange
90,402,267,8100,360,729000,../images_assorted/image_20.png,../masks_assorted/mask_20.png,square
87,193,181,3784,297,658503,../images_assorted/image_21.png,../masks_assorted/mask_21.png,triange
97,306,388,4704,331,912673,../images_assorted/image_22.png,../masks_assorted/mask_22.png,triange
19,159,324,180,65,6859,../images_assorted/image_23.png,../masks_assorted/mask_23.png,triange
110,140,187,37994,345,5572453,../images_assorted/image_24.png,../masks_assorted/mask_24.png,circle
66,78,411,2178,225,287496,../images_assorted/image_25.png,../masks_assorted/mask_25.png,triange
28,201,389,392,96,21952,../images_assorted/image_26.png,../masks_assorted/mask_26.png,triange
105,394,220,34618,330,4846590,../images_assorted/image_27.png,../masks_assorted/mask_27.png,circle
71,252,319,5041,284,357911,../images_assorted/image_28.png,../masks_assorted/mask_28.png,square
109,66,368,37306,342,5421855,../images_assorted/image_29.png,../masks_assorted/mask_29.png,circle
83,310,190,21631,261,2393882,../images_assorted/image_30.png,../masks_assorted/mask_30.png,circle
83,259,363,21631,261,2393882,../images_assorted/image_31.png,../masks_assorted/mask_31.png,circle
94,354,350,4418,321,830584,../images_assorted/image_32.png,../masks_assorted/mask_32.png,triange
67,253,148,14095,210,1259194,../images_assorted/image_33.png,../masks_assorted/mask_33.png,circle
46,135,247,6644,144,407513,../images_assorted/image_34.png,../masks_assorted/mask_34.png,circle
25,374,170,312,85,15625,../images_assorted/image_35.png,../masks_assorted/mask_35.png,triange
61,173,385,11684,192,950294,../images_assorted/image_36.png,../masks_assorted/mask_36.png,circle
90,256,164,8100,360,729000,../images_assorted/image_37.png,../masks_assorted/mask_37.png,square
55,179,215,3025,220,166375,../images_assorted/image_38.png,../masks_assorted/mask_38.png,square
84,207,256,7056,336,592704,../images_assorted/image_39.png,../masks_assorted/mask_39.png,square
76,419,88,18137,239,1837846,../images_assorted/image_40.png,../masks_assorted/mask_40.png,circle
68,286,395,14519,214,1316422,../images_assorted/image_41.png,../masks_assorted/mask_41.png,circle
34,197,169,578,116,39304,../images_assorted/image_42.png,../masks_assorted/mask_42.png,triange
26,440,71,338,89,17576,../images_assorted/image_43.png,../masks_assorted/mask_43.png,triange
38,150,145,1444,152,54872,../images_assorted/image_44.png,../masks_assorted/mask_44.png,square
23,243,350,264,79,12167,../images_assorted/image_45.png,../masks_assorted/mask_45.png,triange
39,448,375,760,133,59319,../images_assorted/image_46.png,../masks_assorted/mask_46.png,triange
35,301,333,612,119,42875,../images_assorted/image_47.png,../masks_assorted/mask_47.png,triange
18,343,381,324,72,5832,../images_assorted/image_48.png,../masks_assorted/mask_48.png,square
65,221,245,2112,222,274625,../images_assorted/image_49.png,../masks_assorted/mask_49.png,triange
54,363,422,2916,216,157464,../images_assorted/image_50.png,../masks_assorted/mask_50.png,square
99,288,81,9801,396,970299,../images_assorted/image_51.png,../masks_assorted/mask_51.png,square
75,363,141,17662,236,1766250,../images_assorted/image_52.png,../masks_assorted/mask_52.png,circle
58,294,243,1682,198,195112,../images_assorted/image_53.png,../masks_assorted/mask_53.png,triange
103,445,229,33312,323,4574884,../images_assorted/image_54.png,../masks_assorted/mask_54.png,circle
102,160,181,32669,320,4442924,../images_assorted/image_55.png,../masks_assorted/mask_55.png,circle
25,235,92,1962,78,65417,../images_assorted/image_56.png,../masks_assorted/mask_56.png,circle
71,306,267,2520,242,357911,../images_assorted/image_57.png,../masks_assorted/mask_57.png,triange
70,291,437,15386,220,1436027,../images_assorted/image_58.png,../masks_assorted/mask_58.png,circle
81,338,239,6561,324,531441,../images_assorted/image_59.png,../masks_assorted/mask_59.png,square
81,323,373,20602,254,2224966,../images_assorted/image_60.png,../masks_assorted/mask_60.png,circle
21,203,382,1385,66,38773,../images_assorted/image_61.png,../masks_assorted/mask_61.png,circle
69,305,145,14950,217,1375358,../images_assorted/image_62.png,../masks_assorted/mask_62.png,circle
72,153,385,5184,288,373248,../images_assorted/image_63.png,../masks_assorted/mask_63.png,square
29,109,261,2641,91,102109,../images_assorted/image_64.png,../masks_assorted/mask_64.png,circle
115,208,319,13225,460,1520875,../images_assorted/image_65.png,../masks_assorted/mask_65.png,square
84,320,185,3528,287,592704,../images_assorted/image_66.png,../masks_assorted/mask_66.png,triange
96,114,204,4608,328,884736,../images_assorted/image_67.png,../masks_assorted/mask_67.png,triange
65,148,284,2112,222,274625,../images_assorted/image_68.png,../masks_assorted/mask_68.png,triange
18,226,232,162,61,5832,../images_assorted/image_69.png,../masks_assorted/mask_69.png,triange
103,358,306,10609,412,1092727,../images_assorted/image_70.png,../masks_assorted/mask_70.png,square
92,200,220,4232,314,778688,../images_assorted/image_71.png,../masks_assorted/mask_71.png,triange
35,228,168,1225,140,42875,../images_assorted/image_72.png,../masks_assorted/mask_72.png,square
30,335,434,450,102,27000,../images_assorted/image_73.png,../masks_assorted/mask_73.png,triange
43,433,428,1849,172,79507,../images_assorted/image_74.png,../masks_assorted/mask_74.png,square
100,147,327,10000,400,1000000,../images_assorted/image_75.png,../masks_assorted/mask_75.png,square
60,357,129,1800,205,216000,../images_assorted/image_76.png,../masks_assorted/mask_76.png,triange
51,73,74,2601,204,132651,../images_assorted/image_77.png,../masks_assorted/mask_77.png,square
55,135,68,3025,220,166375,../images_assorted/image_78.png,../masks_assorted/mask_78.png,square
63,201,84,3969,252,250047,../images_assorted/image_79.png,../masks_assorted/mask_79.png,square
73,129,420,16733,229,1628685,../images_assorted/image_80.png,../masks_assorted/mask_80.png,circle
69,94,267,14950,217,1375358,../images_assorted/image_81.png,../masks_assorted/mask_81.png,circle
28,445,102,392,96,21952,../images_assorted/image_82.png,../masks_assorted/mask_82.png,triange
49,271,389,2401,196,117649,../images_assorted/image_83.png,../masks_assorted/mask_83.png,square
70,420,66,2450,239,343000,../images_assorted/image_84.png,../masks_assorted/mask_84.png,triange
117,400,160,13689,468,1601613,../images_assorted/image_85.png,../masks_assorted/mask_85.png,square
97,410,278,4704,331,912673,../images_assorted/image_86.png,../masks_assorted/mask_86.png,triange
76,350,77,2888,259,438976,../images_assorted/image_87.png,../masks_assorted/mask_87.png,triange
34,156,161,578,116,39304,../images_assorted/image_88.png,../masks_assorted/mask_88.png,triange
27,158,86,364,92,19683,../images_assorted/image_89.png,../masks_assorted/mask_89.png,triange
76,303,203,5776,304,438976,../images_assorted/image_90.png,../masks_assorted/mask_90.png,square
35,186,199,612,119,42875,../images_assorted/image_91.png,../masks_assorted/mask_91.png,triange
115,407,282,13225,460,1520875,../images_assorted/image_92.png,../masks_assorted/mask_92.png,square
85,317,236,3612,290,614125,../images_assorted/image_93.png,../masks_assorted/mask_93.png,triange
73,376,133,5329,292,389017,../images_assorted/image_94.png,../masks_assorted/mask_94.png,square
21,318,212,220,72,9261,../images_assorted/image_95.png,../masks_assorted/mask_95.png,triange
92,156,66,8464,368,778688,../images_assorted/image_96.png,../masks_assorted/mask_96.png,square
97,343,196,9409,388,912673,../images_assorted/image_97.png,../masks_assorted/mask_97.png,square
16,305,251,256,64,4096,../images_assorted/image_98.png,../masks_assorted/mask_98.png,square
24,407,324,288,82,13824,../images_assorted/image_99.png,../masks_assorted/mask_99.png,triange
59,342,168,1740,201,205379,../images_assorted/image_100.png,../masks_assorted/mask_100.png,triange
74,281,347,5476,296,405224,../images_assorted/image_101.png,../masks_assorted/mask_101.png,square
107,258,141,35950,336,5128847,../images_assorted/image_102.png,../masks_assorted/mask_102.png,circle
47,148,142,2209,188,103823,../images_assorted/image_103.png,../masks_assorted/mask_103.png,square
109,122,360,11881,436,1295029,../images_assorted/image_104.png,../masks_assorted/mask_104.png,square
64,175,275,2048,219,262144,../images_assorted/image_105.png,../masks_assorted/mask_105.png,triange
91,165,377,26002,286,3154951,../images_assorted/image_106.png,../masks_assorted/mask_106.png,circle
88,278,191,24316,276,2853096,../images_assorted/image_107.png,../masks_assorted/mask_107.png,circle
18,201,211,1017,57,24417,../images_assorted/image_108.png,../masks_assorted/mask_108.png,circle
49,357,114,1200,167,117649,../images_assorted/image_109.png,../masks_assorted/mask_109.png,triange
40,314,121,800,137,64000,../images_assorted/image_110.png,../masks_assorted/mask_110.png,triange
54,260,346,1458,184,157464,../images_assorted/image_111.png,../masks_assorted/mask_111.png,triange
112,119,255,6272,382,1404928,../images_assorted/image_112.png,../masks_assorted/mask_112.png,triange
32,105,106,3215,100,137189,../images_assorted/image_113.png,../masks_assorted/mask_113.png,circle
46,366,192,6644,144,407513,../images_assorted/image_114.png,../masks_assorted/mask_114.png,circle
71,270,155,15829,223,1498454,../images_assorted/image_115.png,../masks_assorted/mask_115.png,circle
33,419,285,544,113,35937,../images_assorted/image_116.png,../masks_assorted/mask_116.png,triange
81,252,224,20602,254,2224966,../images_assorted/image_117.png,../masks_assorted/mask_117.png,circle
97,347,90,29544,305,3821058,../images_assorted/image_118.png,../masks_assorted/mask_118.png,circle
86,266,287,3698,294,636056,../images_assorted/image_119.png,../masks_assorted/mask_119.png,triange
75,284,217,5625,300,421875,../images_assorted/image_120.png,../masks_assorted/mask_120.png,square
112,411,91,6272,382,1404928,../images_assorted/image_121.png,../masks_assorted/mask_121.png,triange
70,338,372,2450,239,343000,../images_assorted/image_122.png,../masks_assorted/mask_122.png,triange
62,110,174,12070,195,997800,../images_assorted/image_123.png,../masks_assorted/mask_123.png,circle
22,350,319,242,75,10648,../images_assorted/image_124.png,../masks_assorted/mask_124.png,triange
46,165,133,1058,157,97336,../images_assorted/image_125.png,../masks_assorted/mask_125.png,triange
21,437,329,441,84,9261,../images_assorted/image_126.png,../masks_assorted/mask_126.png,square
93,367,143,4324,318,804357,../images_assorted/image_127.png,../masks_assorted/mask_127.png,triange
81,118,335,6561,324,531441,../images_assorted/image_128.png,../masks_assorted/mask_128.png,square
75,297,343,2812,256,421875,../images_assorted/image_129.png,../masks_assorted/mask_129.png,triange
81,430,447,6561,324,531441,../images_assorted/image_130.png,../masks_assorted/mask_130.png,square
76,305,339,5776,304,438976,../images_assorted/image_131.png,../masks_assorted/mask_131.png,square
23,123,312,264,79,12167,../images_assorted/image_132.png,../masks_assorted/mask_132.png,triange
78,120,429,6084,312,474552,../images_assorted/image_133.png,../masks_assorted/mask_133.png,square
18,289,245,162,61,5832,../images_assorted/image_134.png,../masks_assorted/mask_134.png,triange
78,122,107,3042,266,474552,../images_assorted/image_135.png,../masks_assorted/mask_135.png,triange
25,144,423,312,85,15625,../images_assorted/image_136.png,../masks_assorted/mask_136.png,triange
73,378,361,2664,249,389017,../images_assorted/image_137.png,../masks_assorted/mask_137.png,triange
69,410,334,4761,276,328509,../images_assorted/image_138.png,../masks_assorted/mask_138.png,square
94,122,334,4418,321,830584,../images_assorted/image_139.png,../masks_assorted/mask_139.png,triange
85,346,257,7225,340,614125,../images_assorted/image_140.png,../masks_assorted/mask_140.png,square
104,267,219,5408,355,1124864,../images_assorted/image_141.png,../masks_assorted/mask_141.png,triange
55,207,106,3025,220,166375,../images_assorted/image_142.png,../masks_assorted/mask_142.png,square
74,417,283,2738,253,405224,../images_assorted/image_143.png,../masks_assorted/mask_143.png,triange
50,171,352,1250,171,125000,../images_assorted/image_144.png,../masks_assorted/mask_144.png,triange
116,391,260,42252,364,6534951,../images_assorted/image_145.png,../masks_assorted/mask_145.png,circle
18,318,184,1017,57,24417,../images_assorted/image_146.png,../masks_assorted/mask_146.png,circle
68,162,146,4624,272,314432,../images_assorted/image_147.png,../masks_assorted/mask_147.png,square
16,251,336,804,50,17149,../images_assorted/image_148.png,../masks_assorted/mask_148.png,circle
23,136,98,264,79,12167,../images_assorted/image_149.png,../masks_assorted/mask_149.png,triange
36,202,352,4069,113,195333,../images_assorted/image_150.png,../masks_assorted/mask_150.png,circle
23,368,366,1661,72,50939,../images_assorted/image_151.png,../masks_assorted/mask_151.png,circle
50,238,333,7850,157,523333,../images_assorted/image_152.png,../masks_assorted/mask_152.png,circle
17,319,386,289,68,4913,../images_assorted/image_153.png,../masks_assorted/mask_153.png,square
46,364,110,6644,144,407513,../images_assorted/image_154.png,../masks_assorted/mask_154.png,circle
37,153,233,684,126,50653,../images_assorted/image_155.png,../masks_assorted/mask_155.png,triange
94,287,302,8836,376,830584,../images_assorted/image_156.png,../masks_assorted/mask_156.png,square
104,141,386,10816,416,1124864,../images_assorted/image_157.png,../masks_assorted/mask_157.png,square
19,70,330,180,65,6859,../images_assorted/image_158.png,../masks_assorted/mask_158.png,triange
57,191,106,3249,228,185193,../images_assorted/image_159.png,../masks_assorted/mask_159.png,square
89,342,402,7921,356,704969,../images_assorted/image_160.png,../masks_assorted/mask_160.png,square
50,308,379,7850,157,523333,../images_assorted/image_161.png,../masks_assorted/mask_161.png,circle
71,103,133,15829,223,1498454,../images_assorted/image_162.png,../masks_assorted/mask_162.png,circle
82,105,300,6724,328,551368,../images_assorted/image_163.png,../masks_assorted/mask_163.png,square
62,238,208,1922,212,238328,../images_assorted/image_164.png,../masks_assorted/mask_164.png,triange
57,322,349,10202,179,775341,../images_assorted/image_165.png,../masks_assorted/mask_165.png,circle
113,409,79,6384,386,1442897,../images_assorted/image_166.png,../masks_assorted/mask_166.png,triange
37,112,152,4299,116,212067,../images_assorted/image_167.png,../masks_assorted/mask_167.png,circle
109,429,361,37306,342,5421855,../images_assorted/image_168.png,../masks_assorted/mask_168.png,circle
43,286,408,1849,172,79507,../images_assorted/image_169.png,../masks_assorted/mask_169.png,square
69,307,175,4761,276,328509,../images_assorted/image_170.png,../masks_assorted/mask_170.png,square
72,297,395,5184,288,373248,../images_assorted/image_171.png,../masks_assorted/mask_171.png,square
60,336,199,3600,240,216000,../images_assorted/image_172.png,../masks_assorted/mask_172.png,square
35,217,420,612,119,42875,../images_assorted/image_173.png,../masks_assorted/mask_173.png,triange
56,357,398,1568,191,175616,../images_assorted/image_174.png,../masks_assorted/mask_174.png,triange
35,301,179,3846,110,179503,../images_assorted/image_175.png,../masks_assorted/mask_175.png,circle
37,70,247,1369,148,50653,../images_assorted/image_176.png,../masks_assorted/mask_176.png,square
94,403,362,27745,295,3477378,../images_assorted/image_177.png,../masks_assorted/mask_177.png,circle
83,135,333,3444,283,571787,../images_assorted/image_178.png,../masks_assorted/mask_178.png,triange
116,316,347,42252,364,6534951,../images_assorted/image_179.png,../masks_assorted/mask_179.png,circle
98,318,423,9604,392,941192,../images_assorted/image_180.png,../masks_assorted/mask_180.png,square
78,390,298,3042,266,474552,../images_assorted/image_181.png,../masks_assorted/mask_181.png,triange
105,187,106,11025,420,1157625,../images_assorted/image_182.png,../masks_assorted/mask_182.png,square
35,222,278,3846,110,179503,../images_assorted/image_183.png,../masks_assorted/mask_183.png,circle
92,255,271,4232,314,778688,../images_assorted/image_184.png,../masks_assorted/mask_184.png,triange
76,385,229,18137,239,1837846,../images_assorted/image_185.png,../masks_assorted/mask_185.png,circle
62,366,373,12070,195,997800,../images_assorted/image_186.png,../masks_assorted/mask_186.png,circle
32,346,223,512,109,32768,../images_assorted/image_187.png,../masks_assorted/mask_187.png,triange
75,128,210,17662,236,1766250,../images_assorted/image_188.png,../masks_assorted/mask_188.png,circle
105,195,375,34618,330,4846590,../images_assorted/image_189.png,../masks_assorted/mask_189.png,circle
63,114,200,3969,252,250047,../images_assorted/image_190.png,../masks_assorted/mask_190.png,square
88,82,428,24316,276,2853096,../images_assorted/image_191.png,../masks_assorted/mask_191.png,circle
54,354,378,9156,170,659249,../images_assorted/image_192.png,../masks_assorted/mask_192.png,circle
105,171,351,5512,358,1157625,../images_assorted/image_193.png,../masks_assorted/mask_193.png,triange
26,267,160,676,104,17576,../images_assorted/image_194.png,../masks_assorted/mask_194.png,square
108,232,325,11664,432,1259712,../images_assorted/image_195.png,../masks_assorted/mask_195.png,square
38,194,300,4534,119,229731,../images_assorted/image_196.png,../masks_assorted/mask_196.png,circle
116,374,197,13456,464,1560896,../images_assorted/image_197.png,../masks_assorted/mask_197.png,square
75,149,112,17662,236,1766250,../images_assorted/image_198.png,../masks_assorted/mask_198.png,circle
72,314,433,2592,246,373248,../images_assorted/image_199.png,../masks_assorted/mask_199.png,triange
100,266,234,31400,314,4186667,../images_assorted/image_200.png,../masks_assorted/mask_200.png,circle
53,80,122,2809,212,148877,../images_assorted/image_201.png,../masks_assorted/mask_201.png,square
34,108,333,3630,107,164553,../images_assorted/image_202.png,../masks_assorted/mask_202.png,circle
104,410,193,33962,327,4709431,../images_assorted/image_203.png,../masks_assorted/mask_203.png,circle
45,255,287,1012,154,91125,../images_assorted/image_204.png,../masks_assorted/mask_204.png,triange
23,237,440,529,92,12167,../images_assorted/image_205.png,../masks_assorted/mask_205.png,square
18,193,159,324,72,5832,../images_assorted/image_206.png,../masks_assorted/mask_206.png,square
93,67,271,8649,372,804357,../images_assorted/image_207.png,../masks_assorted/mask_207.png,square
44,327,71,6079,138,356637,../images_assorted/image_208.png,../masks_assorted/mask_208.png,circle
82,137,390,6724,328,551368,../images_assorted/image_209.png,../masks_assorted/mask_209.png,square
57,355,102,3249,228,185193,../images_assorted/image_210.png,../masks_assorted/mask_210.png,square
16,166,284,804,50,17149,../images_assorted/image_211.png,../masks_assorted/mask_211.png,circle
50,158,290,1250,171,125000,../images_assorted/image_212.png,../masks_assorted/mask_212.png,triange
25,161,164,312,85,15625,../images_assorted/image_213.png,../masks_assorted/mask_213.png,triange
67,268,391,4489,268,300763,../images_assorted/image_214.png,../masks_assorted/mask_214.png,square
45,319,207,2025,180,91125,../images_assorted/image_215.png,../masks_assorted/mask_215.png,square
96,146,158,28938,301,3704095,../images_assorted/image_216.png,../masks_assorted/mask_216.png,circle
37,137,198,4299,116,212067,../images_assorted/image_217.png,../masks_assorted/mask_217.png,circle
58,327,162,1682,198,195112,../images_assorted/image_218.png,../masks_assorted/mask_218.png,triange
71,72,360,2520,242,357911,../images_assorted/image_219.png,../masks_assorted/mask_219.png,triange
30,347,81,2826,94,113040,../images_assorted/image_220.png,../masks_assorted/mask_220.png,circle
97,337,315,9409,388,912673,../images_assorted/image_221.png,../masks_assorted/mask_221.png,square
105,438,185,34618,330,4846590,../images_assorted/image_222.png,../masks_assorted/mask_222.png,circle
22,111,268,1520,69,44580,../images_assorted/image_223.png,../masks_assorted/mask_223.png,circle
95,418,156,28338,298,3589543,../images_assorted/image_224.png,../masks_assorted/mask_224.png,circle
20,174,78,400,80,8000,../images_assorted/image_225.png,../masks_assorted/mask_225.png,square
37,281,127,4299,116,212067,../images_assorted/image_226.png,../masks_assorted/mask_226.png,circle
70,408,141,15386,220,1436027,../images_assorted/image_227.png,../masks_assorted/mask_227.png,circle
27,377,428,2289,85,82406,../images_assorted/image_228.png,../masks_assorted/mask_228.png,circle
29,364,189,2641,91,102109,../images_assorted/image_229.png,../masks_assorted/mask_229.png,circle
37,122,298,1369,148,50653,../images_assorted/image_230.png,../masks_assorted/mask_230.png,square
99,416,319,4900,338,970299,../images_assorted/image_231.png,../masks_assorted/mask_231.png,triange
24,197,444,1809,75,57876,../images_assorted/image_232.png,../masks_assorted/mask_232.png,circle
99,277,194,4900,338,970299,../images_assorted/image_233.png,../masks_assorted/mask_233.png,triange
98,263,337,9604,392,941192,../images_assorted/image_234.png,../masks_assorted/mask_234.png,square
26,112,371,338,89,17576,../images_assorted/image_235.png,../masks_assorted/mask_235.png,triange
106,402,291,5618,362,1191016,../images_assorted/image_236.png,../masks_assorted/mask_236.png,triange
24,306,123,576,96,13824,../images_assorted/image_237.png,../masks_assorted/mask_237.png,square
22,281,105,242,75,10648,../images_assorted/image_238.png,../masks_assorted/mask_238.png,triange
68,264,67,2312,232,314432,../images_assorted/image_239.png,../masks_assorted/mask_239.png,triange
96,401,160,28938,301,3704095,../images_assorted/image_240.png,../masks_assorted/mask_240.png,circle
65,105,194,4225,260,274625,../images_assorted/image_241.png,../masks_assorted/mask_241.png,square
85,259,244,22687,267,2571137,../images_assorted/image_242.png,../masks_assorted/mask_242.png,circle
69,413,259,4761,276,328509,../images_assorted/image_243.png,../masks_assorted/mask_243.png,square
112,340,66,39388,352,5881965,../images_assorted/image_244.png,../masks_assorted/mask_244.png,circle
78,242,228,3042,266,474552,../images_assorted/image_245.png,../masks_assorted/mask_245.png,triange
21,430,287,220,72,9261,../images_assorted/image_246.png,../masks_assorted/mask_246.png,triange
64,219,264,2048,219,262144,../images_assorted/image_247.png,../masks_assorted/mask_247.png,triange
41,324,132,5278,129,288549,../images_assorted/image_248.png,../masks_assorted/mask_248.png,circle
64,164,120,2048,219,262144,../images_assorted/image_249.png,../masks_assorted/mask_249.png,triange
90,181,170,8100,360,729000,../images_assorted/image_250.png,../masks_assorted/mask_250.png,square
68,351,347,2312,232,314432,../images_assorted/image_251.png,../masks_assorted/mask_251.png,triange
20,202,384,400,80,8000,../images_assorted/image_252.png,../masks_assorted/mask_252.png,square
61,70,316,1860,208,226981,../images_assorted/image_253.png,../masks_assorted/mask_253.png,triange
78,195,360,19104,245,1986791,../images_assorted/image_254.png,../masks_assorted/mask_254.png,circle
84,147,66,3528,287,592704,../images_assorted/image_255.png,../masks_assorted/mask_255.png,triange
40,87,328,5024,126,267947,../images_assorted/image_256.png,../masks_assorted/mask_256.png,circle
46,209,268,2116,184,97336,../images_assorted/image_257.png,../masks_assorted/mask_257.png,square
72,304,306,5184,288,373248,../images_assorted/image_258.png,../masks_assorted/mask_258.png,square
32,98,396,512,109,32768,../images_assorted/image_259.png,../masks_assorted/mask_259.png,triange
41,387,140,5278,129,288549,../images_assorted/image_260.png,../masks_assorted/mask_260.png,circle
63,350,434,1984,215,250047,../images_assorted/image_261.png,../masks_assorted/mask_261.png,triange
86,72,110,3698,294,636056,../images_assorted/image_262.png,../masks_assorted/mask_262.png,triange
69,325,263,14950,217,1375358,../images_assorted/image_263.png,../masks_assorted/mask_263.png,circle
52,256,122,1352,178,140608,../images_assorted/image_264.png,../masks_assorted/mask_264.png,triange
17,158,146,907,53,20569,../images_assorted/image_265.png,../masks_assorted/mask_265.png,circle
43,381,261,5806,135,332869,../images_assorted/image_266.png,../masks_assorted/mask_266.png,circle
49,80,436,2401,196,117649,../images_assorted/image_267.png,../masks_assorted/mask_267.png,square
17,80,242,144,58,4913,../images_assorted/image_268.png,../masks_assorted/mask_268.png,triange
22,101,198,242,75,10648,../images_assorted/image_269.png,../masks_assorted/mask_269.png,triange
83,442,69,21631,261,2393882,../images_assorted/image_270.png,../masks_assorted/mask_270.png,circle
70,281,299,4900,280,343000,../images_assorted/image_271.png,../masks_assorted/mask_271.png,square
107,114,406,5724,365,1225043,../images_assorted/image_272.png,../masks_assorted/mask_272.png,triange
83,276,339,21631,261,2393882,../images_assorted/image_273.png,../masks_assorted/mask_273.png,circle
51,310,346,8167,160,555366,../images_assorted/image_274.png,../masks_assorted/mask_274.png,circle
85,443,395,7225,340,614125,../images_assorted/image_275.png,../masks_assorted/mask_275.png,square
85,294,410,3612,290,614125,../images_assorted/image_276.png,../masks_assorted/mask_276.png,triange
100,310,416,10000,400,1000000,../images_assorted/image_277.png,../masks_assorted/mask_277.png,square
31,415,372,3018,97,124725,../images_assorted/image_278.png,../masks_assorted/mask_278.png,circle
38,102,341,4534,119,229731,../images_assorted/image_279.png,../masks_assorted/mask_279.png,circle
37,200,133,684,126,50653,../images_assorted/image_280.png,../masks_assorted/mask_280.png,triange
98,213,281,9604,392,941192,../images_assorted/image_281.png,../masks_assorted/mask_281.png,square
99,115,381,4900,338,970299,../images_assorted/image_282.png,../masks_assorted/mask_282.png,triange
103,401,342,33312,323,4574884,../images_assorted/image_283.png,../masks_assorted/mask_283.png,circle
21,411,136,220,72,9261,../images_assorted/image_284.png,../masks_assorted/mask_284.png,triange
92,389,214,4232,314,778688,../images_assorted/image_285.png,../masks_assorted/mask_285.png,triange
25,165,429,1962,78,65417,../images_assorted/image_286.png,../masks_assorted/mask_286.png,circle
22,264,222,1520,69,44580,../images_assorted/image_287.png,../masks_assorted/mask_287.png,circle
95,368,93,28338,298,3589543,../images_assorted/image_288.png,../masks_assorted/mask_288.png,circle
80,79,385,20096,251,2143573,../images_assorted/image_289.png,../masks_assorted/mask_289.png,circle
102,254,321,10404,408,1061208,../images_assorted/image_290.png,../masks_assorted/mask_290.png,square
85,303,99,7225,340,614125,../images_assorted/image_291.png,../masks_assorted/mask_291.png,square
44,184,348,1936,176,85184,../images_assorted/image_292.png,../masks_assorted/mask_292.png,square
52,159,237,1352,178,140608,../images_assorted/image_293.png,../masks_assorted/mask_293.png,triange
83,192,395,21631,261,2393882,../images_assorted/image_294.png,../masks_assorted/mask_294.png,circle
114,273,398,40807,358,6202731,../images_assorted/image_295.png,../masks_assorted/mask_295.png,circle
46,174,172,6644,144,407513,../images_assorted/image_296.png,../masks_assorted/mask_296.png,circle
109,109,242,5940,372,1295029,../images_assorted/image_297.png,../masks_assorted/mask_297.png,triange
16,71,213,256,64,4096,../images_assorted/image_298.png,../masks_assorted/mask_298.png,square
67,66,415,14095,210,1259194,../images_assorted/image_299.png,../masks_assorted/mask_299.png,circle
36,345,361,1296,144,46656,../images_assorted/image_300.png,../masks_assorted/mask_300.png,square
100,249,183,10000,400,1000000,../images_assorted/image_301.png,../masks_assorted/mask_301.png,square
82,276,402,21113,257,2308394,../images_assorted/image_302.png,../masks_assorted/mask_302.png,circle
84,290,314,7056,336,592704,../images_assorted/image_303.png,../masks_assorted/mask_303.png,square
65,113,429,2112,222,274625,../images_assorted/image_304.png,../masks_assorted/mask_304.png,triange
114,399,164,6498,389,1481544,../images_assorted/image_305.png,../masks_assorted/mask_305.png,triange
20,249,366,200,68,8000,../images_assorted/image_306.png,../masks_assorted/mask_306.png,triange
50,260,341,7850,157,523333,../images_assorted/image_307.png,../masks_assorted/mask_307.png,circle
104,120,303,10816,416,1124864,../images_assorted/image_308.png,../masks_assorted/mask_308.png,square
44,106,255,968,150,85184,../images_assorted/image_309.png,../masks_assorted/mask_309.png,triange
54,135,231,2916,216,157464,../images_assorted/image_310.png,../masks_assorted/mask_310.png,square
51,434,148,2601,204,132651,../images_assorted/image_311.png,../masks_assorted/mask_311.png,square
107,335,115,11449,428,1225043,../images_assorted/image_312.png,../masks_assorted/mask_312.png,square
76,118,174,5776,304,438976,../images_assorted/image_313.png,../masks_assorted/mask_313.png,square
25,202,73,1962,78,65417,../images_assorted/image_314.png,../masks_assorted/mask_314.png,circle
23,66,267,529,92,12167,../images_assorted/image_315.png,../masks_assorted/mask_315.png,square
86,296,157,3698,294,636056,../images_assorted/image_316.png,../masks_assorted/mask_316.png,triange
75,252,73,2812,256,421875,../images_assorted/image_317.png,../masks_assorted/mask_317.png,triange
108,246,214,11664,432,1259712,../images_assorted/image_318.png,../masks_assorted/mask_318.png,square
69,90,73,14950,217,1375358,../images_assorted/image_319.png,../masks_assorted/mask_319.png,circle
104,373,170,33962,327,4709431,../images_assorted/image_320.png,../masks_assorted/mask_320.png,circle
63,117,421,3969,252,250047,../images_assorted/image_321.png,../masks_assorted/mask_321.png,square
109,71,361,5940,372,1295029,../images_assorted/image_322.png,../masks_assorted/mask_322.png,triange
96,227,416,28938,301,3704095,../images_assorted/image_323.png,../masks_assorted/mask_323.png,circle
92,270,213,8464,368,778688,../images_assorted/image_324.png,../masks_assorted/mask_324.png,square
77,174,260,18617,242,1911351,../images_assorted/image_325.png,../masks_assorted/mask_325.png,circle
23,320,355,1661,72,50939,../images_assorted/image_326.png,../masks_assorted/mask_326.png,circle
90,308,158,25434,283,3052080,../images_assorted/image_327.png,../masks_assorted/mask_327.png,circle
37,148,306,4299,116,212067,../images_assorted/image_328.png,../masks_assorted/mask_328.png,circle
69,98,100,14950,217,1375358,../images_assorted/image_329.png,../masks_assorted/mask_329.png,circle
46,401,131,6644,144,407513,../images_assorted/image_330.png,../masks_assorted/mask_330.png,circle
101,74,171,10201,404,1030301,../images_assorted/image_331.png,../masks_assorted/mask_331.png,square
110,413,117,37994,345,5572453,../images_assorted/image_332.png,../masks_assorted/mask_332.png,circle
29,83,120,2641,91,102109,../images_assorted/image_333.png,../masks_assorted/mask_333.png,circle
65,427,271,4225,260,274625,../images_assorted/image_334.png,../masks_assorted/mask_334.png,square
43,224,382,924,147,79507,../images_assorted/image_335.png,../masks_assorted/mask_335.png,triange
54,319,233,1458,184,157464,../images_assorted/image_336.png,../masks_assorted/mask_336.png,triange
94,340,232,27745,295,3477378,../images_assorted/image_337.png,../masks_assorted/mask_337.png,circle
25,249,125,312,85,15625,../images_assorted/image_338.png,../masks_assorted/mask_338.png,triange
60,78,429,11304,188,904320,../images_assorted/image_339.png,../masks_assorted/mask_339.png,circle
34,418,357,3630,107,164553,../images_assorted/image_340.png,../masks_assorted/mask_340.png,circle
66,165,338,2178,225,287496,../images_assorted/image_341.png,../masks_assorted/mask_341.png,triange
51,168,409,2601,204,132651,../images_assorted/image_342.png,../masks_assorted/mask_342.png,square
99,270,372,30775,311,4062318,../images_assorted/image_343.png,../masks_assorted/mask_343.png,circle
30,113,435,900,120,27000,../images_assorted/image_344.png,../masks_assorted/mask_344.png,square
53,174,433,2809,212,148877,../images_assorted/image_345.png,../masks_assorted/mask_345.png,square
75,306,307,17662,236,1766250,../images_assorted/image_346.png,../masks_assorted/mask_346.png,circle
106,213,112,5618,362,1191016,../images_assorted/image_347.png,../masks_assorted/mask_347.png,triange
50,206,158,7850,157,523333,../images_assorted/image_348.png,../masks_assorted/mask_348.png,circle
27,302,105,2289,85,82406,../images_assorted/image_349.png,../masks_assorted/mask_349.png,circle
42,172,217,5539,132,310182,../images_assorted/image_350.png,../masks_assorted/mask_350.png,circle
100,83,395,31400,314,4186667,../images_assorted/image_351.png,../masks_assorted/mask_351.png,circle
60,318,106,1800,205,216000,../images_assorted/image_352.png,../masks_assorted/mask_352.png,triange
71,106,413,15829,223,1498454,../images_assorted/image_353.png,../masks_assorted/mask_353.png,circle
25,216,81,1962,78,65417,../images_assorted/image_354.png,../masks_assorted/mask_354.png,circle
50,130,420,1250,171,125000,../images_assorted/image_355.png,../masks_assorted/mask_355.png,triange
49,103,219,7539,154,492557,../images_assorted/image_356.png,../masks_assorted/mask_356.png,circle
68,184,347,2312,232,314432,../images_assorted/image_357.png,../masks_assorted/mask_357.png,triange
39,407,427,1521,156,59319,../images_assorted/image_358.png,../masks_assorted/mask_358.png,square
116,100,421,13456,464,1560896,../images_assorted/image_359.png,../masks_assorted/mask_359.png,square
41,358,160,1681,164,68921,../images_assorted/image_360.png,../masks_assorted/mask_360.png,square
108,349,336,5832,369,1259712,../images_assorted/image_361.png,../masks_assorted/mask_361.png,triange
18,397,397,162,61,5832,../images_assorted/image_362.png,../masks_assorted/mask_362.png,triange
105,340,76,11025,420,1157625,../images_assorted/image_363.png,../masks_assorted/mask_363.png,square
41,431,424,840,140,68921,../images_assorted/image_364.png,../masks_assorted/mask_364.png,triange
73,323,300,5329,292,389017,../images_assorted/image_365.png,../masks_assorted/mask_365.png,square
91,129,174,4140,311,753571,../images_assorted/image_366.png,../masks_assorted/mask_366.png,triange
74,395,118,17195,232,1696538,../images_assorted/image_367.png,../masks_assorted/mask_367.png,circle
92,295,125,8464,368,778688,../images_assorted/image_368.png,../masks_assorted/mask_368.png,square
59,102,168,10930,185,859853,../images_assorted/image_369.png,../masks_assorted/mask_369.png,circle
77,97,335,5929,308,456533,../images_assorted/image_370.png,../masks_assorted/mask_370.png,square
91,151,389,4140,311,753571,../images_assorted/image_371.png,../masks_assorted/mask_371.png,triange
109,98,374,37306,342,5421855,../images_assorted/image_372.png,../masks_assorted/mask_372.png,circle
98,145,185,4802,335,941192,../images_assorted/image_373.png,../masks_assorted/mask_373.png,triange
62,285,423,1922,212,238328,../images_assorted/image_374.png,../masks_assorted/mask_374.png,triange
38,178,76,4534,119,229731,../images_assorted/image_375.png,../masks_assorted/mask_375.png,circle
97,347,311,29544,305,3821058,../images_assorted/image_376.png,../masks_assorted/mask_376.png,circle
73,414,186,2664,249,389017,../images_assorted/image_377.png,../masks_assorted/mask_377.png,triange
112,325,369,12544,448,1404928,../images_assorted/image_378.png,../masks_assorted/mask_378.png,square
110,101,120,6050,376,1331000,../images_assorted/image_379.png,../masks_assorted/mask_379.png,triange
43,121,135,1849,172,79507,../images_assorted/image_380.png,../masks_assorted/mask_380.png,square
40,76,172,1600,160,64000,../images_assorted/image_381.png,../masks_assorted/mask_381.png,square
118,445,318,13924,472,1643032,../images_assorted/image_382.png,../masks_assorted/mask_382.png,square
50,188,447,7850,157,523333,../images_assorted/image_383.png,../masks_assorted/mask_383.png,circle
72,437,361,16278,226,1562665,../images_assorted/image_384.png,../masks_assorted/mask_384.png,circle
57,313,176,10202,179,775341,../images_assorted/image_385.png,../masks_assorted/mask_385.png,circle
61,397,280,1860,208,226981,../images_assorted/image_386.png,../masks_assorted/mask_386.png,triange
28,216,212,392,96,21952,../images_assorted/image_387.png,../masks_assorted/mask_387.png,triange
82,176,116,6724,328,551368,../images_assorted/image_388.png,../masks_assorted/mask_388.png,square
102,284,128,5202,348,1061208,../images_assorted/image_389.png,../masks_assorted/mask_389.png,triange
101,317,341,32031,317,4313527,../images_assorted/image_390.png,../masks_assorted/mask_390.png,circle
83,375,445,6889,332,571787,../images_assorted/image_391.png,../masks_assorted/mask_391.png,square
25,81,266,625,100,15625,../images_assorted/image_392.png,../masks_assorted/mask_392.png,square
104,343,215,5408,355,1124864,../images_assorted/image_393.png,../masks_assorted/mask_393.png,triange
114,238,238,6498,389,1481544,../images_assorted/image_394.png,../masks_assorted/mask_394.png,triange
100,153,201,5000,341,1000000,../images_assorted/image_395.png,../masks_assorted/mask_395.png,triange
44,175,369,968,150,85184,../images_assorted/image_396.png,../masks_assorted/mask_396.png,triange
60,210,393,11304,188,904320,../images_assorted/image_397.png,../masks_assorted/mask_397.png,circle
107,206,82,35950,336,5128847,../images_assorted/image_398.png,../masks_assorted/mask_398.png,circle
105,128,320,11025,420,1157625,../images_assorted/image_399.png,../masks_assorted/mask_399.png,square
40,391,249,1600,160,64000,../images_assorted/image_400.png,../masks_assorted/mask_400.png,square
17,240,139,907,53,20569,../images_assorted/image_401.png,../masks_assorted/mask_401.png,circle
36,282,177,4069,113,195333,../images_assorted/image_402.png,../masks_assorted/mask_402.png,circle
101,238,364,10201,404,1030301,../images_assorted/image_403.png,../masks_assorted/mask_403.png,square
117,273,166,42983,367,6705420,../images_assorted/image_404.png,../masks_assorted/mask_404.png,circle
105,130,324,5512,358,1157625,../images_assorted/image_405.png,../masks_assorted/mask_405.png,triange
44,216,100,6079,138,356637,../images_assorted/image_406.png,../masks_assorted/mask_406.png,circle
111,349,237,38688,349,5725815,../images_assorted/image_407.png,../masks_assorted/mask_407.png,circle
38,437,237,722,130,54872,../images_assorted/image_408.png,../masks_assorted/mask_408.png,triange
38,179,433,1444,152,54872,../images_assorted/image_409.png,../masks_assorted/mask_409.png,square
81,106,274,20602,254,2224966,../images_assorted/image_410.png,../masks_assorted/mask_410.png,circle
106,321,383,5618,362,1191016,../images_assorted/image_411.png,../masks_assorted/mask_411.png,triange
81,214,339,6561,324,531441,../images_assorted/image_412.png,../masks_assorted/mask_412.png,square
94,218,188,27745,295,3477378,../images_assorted/image_413.png,../masks_assorted/mask_413.png,circle
97,289,166,9409,388,912673,../images_assorted/image_414.png,../masks_assorted/mask_414.png,square
72,196,384,5184,288,373248,../images_assorted/image_415.png,../masks_assorted/mask_415.png,square
82,410,88,6724,328,551368,../images_assorted/image_416.png,../masks_assorted/mask_416.png,square
57,329,209,10202,179,775341,../images_assorted/image_417.png,../masks_assorted/mask_417.png,circle
100,263,249,5000,341,1000000,../images_assorted/image_418.png,../masks_assorted/mask_418.png,triange
53,222,182,8820,166,623298,../images_assorted/image_419.png,../masks_assorted/mask_419.png,circle
92,193,399,4232,314,778688,../images_assorted/image_420.png,../masks_assorted/mask_420.png,triange
95,414,302,9025,380,857375,../images_assorted/image_421.png,../masks_assorted/mask_421.png,square
66,372,411,4356,264,287496,../images_assorted/image_422.png,../masks_assorted/mask_422.png,square
75,410,88,17662,236,1766250,../images_assorted/image_423.png,../masks_assorted/mask_423.png,circle
39,403,261,760,133,59319,../images_assorted/image_424.png,../masks_assorted/mask_424.png,triange
29,435,377,841,116,24389,../images_assorted/image_425.png,../masks_assorted/mask_425.png,square
16,420,85,128,55,4096,../images_assorted/image_426.png,../masks_assorted/mask_426.png,triange
88,103,432,3872,300,681472,../images_assorted/image_427.png,../masks_assorted/mask_427.png,triange
72,381,80,5184,288,373248,../images_assorted/image_428.png,../masks_assorted/mask_428.png,square
58,145,323,10563,182,816869,../images_assorted/image_429.png,../masks_assorted/mask_429.png,circle
43,217,203,1849,172,79507,../images_assorted/image_430.png,../masks_assorted/mask_430.png,square
91,444,336,8281,364,753571,../images_assorted/image_431.png,../masks_assorted/mask_431.png,square
29,417,320,420,99,24389,../images_assorted/image_432.png,../masks_assorted/mask_432.png,triange
84,64,242,7056,336,592704,../images_assorted/image_433.png,../masks_assorted/mask_433.png,square
85,96,90,22687,267,2571137,../images_assorted/image_434.png,../masks_assorted/mask_434.png,circle
63,306,242,12463,198,1046863,../images_assorted/image_435.png,../masks_assorted/mask_435.png,circle
84,96,425,7056,336,592704,../images_assorted/image_436.png,../masks_assorted/mask_436.png,square
23,110,217,1661,72,50939,../images_assorted/image_437.png,../masks_assorted/mask_437.png,circle
82,434,354,3362,280,551368,../images_assorted/image_438.png,../masks_assorted/mask_438.png,triange
89,271,412,3960,304,704969,../images_assorted/image_439.png,../masks_assorted/mask_439.png,triange
62,104,433,1922,212,238328,../images_assorted/image_440.png,../masks_assorted/mask_440.png,triange
82,425,128,6724,328,551368,../images_assorted/image_441.png,../masks_assorted/mask_441.png,square
101,364,86,10201,404,1030301,../images_assorted/image_442.png,../masks_assorted/mask_442.png,square
94,72,227,27745,295,3477378,../images_assorted/image_443.png,../masks_assorted/mask_443.png,circle
21,82,140,441,84,9261,../images_assorted/image_444.png,../masks_assorted/mask_444.png,square
107,204,239,11449,428,1225043,../images_assorted/image_445.png,../masks_assorted/mask_445.png,square
62,311,216,12070,195,997800,../images_assorted/image_446.png,../masks_assorted/mask_446.png,circle
27,166,341,2289,85,82406,../images_assorted/image_447.png,../masks_assorted/mask_447.png,circle
75,91,295,17662,236,1766250,../images_assorted/image_448.png,../masks_assorted/mask_448.png,circle
36,66,88,4069,113,195333,../images_assorted/image_449.png,../masks_assorted/mask_449.png,circle
58,374,297,10563,182,816869,../images_assorted/image_450.png,../masks_assorted/mask_450.png,circle
26,236,135,676,104,17576,../images_assorted/image_451.png,../masks_assorted/mask_451.png,square
20,369,411,200,68,8000,../images_assorted/image_452.png,../masks_assorted/mask_452.png,triange
83,355,408,6889,332,571787,../images_assorted/image_453.png,../masks_assorted/mask_453.png,square
61,370,250,1860,208,226981,../images_assorted/image_454.png,../masks_assorted/mask_454.png,triange
31,358,249,961,124,29791,../images_assorted/image_455.png,../masks_assorted/mask_455.png,square
94,234,390,27745,295,3477378,../images_assorted/image_456.png,../masks_assorted/mask_456.png,circle
61,391,240,1860,208,226981,../images_assorted/image_457.png,../masks_assorted/mask_457.png,triange
20,386,419,1256,63,33493,../images_assorted/image_458.png,../masks_assorted/mask_458.png,circle
90,112,343,25434,283,3052080,../images_assorted/image_459.png,../masks_assorted/mask_459.png,circle
21,363,175,220,72,9261,../images_assorted/image_460.png,../masks_assorted/mask_460.png,triange
18,82,387,1017,57,24417,../images_assorted/image_461.png,../masks_assorted/mask_461.png,circle
103,86,84,10609,412,1092727,../images_assorted/image_462.png,../masks_assorted/mask_462.png,square
24,121,285,288,82,13824,../images_assorted/image_463.png,../masks_assorted/mask_463.png,triange
45,423,78,6359,141,381510,../images_assorted/image_464.png,../masks_assorted/mask_464.png,circle
63,155,383,3969,252,250047,../images_assorted/image_465.png,../masks_assorted/mask_465.png,square
94,344,203,4418,321,830584,../images_assorted/image_466.png,../masks_assorted/mask_466.png,triange
68,136,304,14519,214,1316422,../images_assorted/image_467.png,../masks_assorted/mask_467.png,circle
44,349,334,968,150,85184,../images_assorted/image_468.png,../masks_assorted/mask_468.png,triange
94,215,73,27745,295,3477378,../images_assorted/image_469.png,../masks_assorted/mask_469.png,circle
108,268,334,5832,369,1259712,../images_assorted/image_470.png,../masks_assorted/mask_470.png,triange
25,409,352,625,100,15625,../images_assorted/image_471.png,../masks_assorted/mask_471.png,square
94,90,211,8836,376,830584,../images_assorted/image_472.png,../masks_assorted/mask_472.png,square
94,215,435,27745,295,3477378,../images_assorted/image_473.png,../masks_assorted/mask_473.png,circle
88,412,128,7744,352,681472,../images_assorted/image_474.png,../masks_assorted/mask_474.png,square
43,150,97,1849,172,79507,../images_assorted/image_475.png,../masks_assorted/mask_475.png,square
22,270,173,242,75,10648,../images_assorted/image_476.png,../masks_assorted/mask_476.png,triange
45,168,153,2025,180,91125,../images_assorted/image_477.png,../masks_assorted/mask_477.png,square
66,337,224,13678,207,1203650,../images_assorted/image_478.png,../masks_assorted/mask_478.png,circle
30,314,221,450,102,27000,../images_assorted/image_479.png,../masks_assorted/mask_479.png,triange
112,440,101,12544,448,1404928,../images_assorted/image_480.png,../masks_assorted/mask_480.png,square
56,154,374,9847,176,735246,../images_assorted/image_481.png,../masks_assorted/mask_481.png,circle
16,292,314,256,64,4096,../images_assorted/image_482.png,../masks_assorted/mask_482.png,square
28,97,401,784,112,21952,../images_assorted/image_483.png,../masks_assorted/mask_483.png,square
71,396,94,15829,223,1498454,../images_assorted/image_484.png,../masks_assorted/mask_484.png,circle
58,383,197,1682,198,195112,../images_assorted/image_485.png,../masks_assorted/mask_485.png,triange
109,361,435,11881,436,1295029,../images_assorted/image_486.png,../masks_assorted/mask_486.png,square
108,151,337,11664,432,1259712,../images_assorted/image_487.png,../masks_assorted/mask_487.png,square
93,200,99,8649,372,804357,../images_assorted/image_488.png,../masks_assorted/mask_488.png,square
16,159,241,804,50,17149,../images_assorted/image_489.png,../masks_assorted/mask_489.png,circle
94,232,80,8836,376,830584,../images_assorted/image_490.png,../masks_assorted/mask_490.png,square
87,277,188,23767,273,2756933,../images_assorted/image_491.png,../masks_assorted/mask_491.png,circle
92,333,69,8464,368,778688,../images_assorted/image_492.png,../masks_assorted/mask_492.png,square
86,252,231,7396,344,636056,../images_assorted/image_493.png,../masks_assorted/mask_493.png,square
117,350,195,6844,399,1601613,../images_assorted/image_494.png,../masks_assorted/mask_494.png,triange
96,391,310,4608,328,884736,../images_assorted/image_495.png,../masks_assorted/mask_495.png,triange
113,263,82,40095,355,6040929,../images_assorted/image_496.png,../masks_assorted/mask_496.png,circle
100,222,191,5000,341,1000000,../images_assorted/image_497.png,../masks_assorted/mask_497.png,triange
54,265,256,9156,170,659249,../images_assorted/image_498.png,../masks_assorted/mask_498.png,circle
96,170,241,9216,384,884736,../images_assorted/image_499.png,../masks_assorted/mask_499.png,square
17,354,96,907,53,20569,../images_assorted/image_500.png,../masks_assorted/mask_500.png,circle
22,426,432,484,88,10648,../images_assorted/image_501.png,../masks_assorted/mask_501.png,square
53,377,244,8820,166,623298,../images_assorted/image_502.png,../masks_assorted/mask_502.png,circle
60,114,343,11304,188,904320,../images_assorted/image_503.png,../masks_assorted/mask_503.png,circle
78,370,169,19104,245,1986791,../images_assorted/image_504.png,../masks_assorted/mask_504.png,circle
56,111,335,3136,224,175616,../images_assorted/image_505.png,../masks_assorted/mask_505.png,square
29,407,413,420,99,24389,../images_assorted/image_506.png,../masks_assorted/mask_506.png,triange
25,250,395,1962,78,65417,../images_assorted/image_507.png,../masks_assorted/mask_507.png,circle
69,157,407,14950,217,1375358,../images_assorted/image_508.png,../masks_assorted/mask_508.png,circle
96,103,388,4608,328,884736,../images_assorted/image_509.png,../masks_assorted/mask_509.png,triange
72,378,199,16278,226,1562665,../images_assorted/image_510.png,../masks_assorted/mask_510.png,circle
97,421,304,9409,388,912673,../images_assorted/image_511.png,../masks_assorted/mask_511.png,square
76,68,96,5776,304,438976,../images_assorted/image_512.png,../masks_assorted/mask_512.png,square
99,198,373,30775,311,4062318,../images_assorted/image_513.png,../masks_assorted/mask_513.png,circle
107,146,415,5724,365,1225043,../images_assorted/image_514.png,../masks_assorted/mask_514.png,triange
95,119,158,9025,380,857375,../images_assorted/image_515.png,../masks_assorted/mask_515.png,square
116,270,97,13456,464,1560896,../images_assorted/image_516.png,../masks_assorted/mask_516.png,square
87,136,221,3784,297,658503,../images_assorted/image_517.png,../masks_assorted/mask_517.png,triange
29,146,171,2641,91,102109,../images_assorted/image_518.png,../masks_assorted/mask_518.png,circle
80,164,225,20096,251,2143573,../images_assorted/image_519.png,../masks_assorted/mask_519.png,circle
80,221,400,20096,251,2143573,../images_assorted/image_520.png,../masks_assorted/mask_520.png,circle
47,437,224,6936,148,434672,../images_assorted/image_521.png,../masks_assorted/mask_521.png,circle
72,333,232,2592,246,373248,../images_assorted/image_522.png,../masks_assorted/mask_522.png,triange
78,391,150,3042,266,474552,../images_assorted/image_523.png,../masks_assorted/mask_523.png,triange
114,323,424,12996,456,1481544,../images_assorted/image_524.png,../masks_assorted/mask_524.png,square
95,285,251,4512,324,857375,../images_assorted/image_525.png,../masks_assorted/mask_525.png,triange
21,223,244,1385,66,38773,../images_assorted/image_526.png,../masks_assorted/mask_526.png,circle
107,284,302,35950,336,5128847,../images_assorted/image_527.png,../masks_assorted/mask_527.png,circle
49,355,341,2401,196,117649,../images_assorted/image_528.png,../masks_assorted/mask_528.png,square
61,140,273,3721,244,226981,../images_assorted/image_529.png,../masks_assorted/mask_529.png,square
92,337,270,4232,314,778688,../images_assorted/image_530.png,../masks_assorted/mask_530.png,triange
67,256,396,14095,210,1259194,../images_assorted/image_531.png,../masks_assorted/mask_531.png,circle
106,210,222,5618,362,1191016,../images_assorted/image_532.png,../masks_assorted/mask_532.png,triange
22,135,241,484,88,10648,../images_assorted/image_533.png,../masks_assorted/mask_533.png,square
56,137,397,1568,191,175616,../images_assorted/image_534.png,../masks_assorted/mask_534.png,triange
116,86,294,13456,464,1560896,../images_assorted/image_535.png,../masks_assorted/mask_535.png,square
74,92,194,2738,253,405224,../images_assorted/image_536.png,../masks_assorted/mask_536.png,triange
110,156,114,6050,376,1331000,../images_assorted/image_537.png,../masks_assorted/mask_537.png,triange
61,409,147,1860,208,226981,../images_assorted/image_538.png,../masks_assorted/mask_538.png,triange
66,435,197,2178,225,287496,../images_assorted/image_539.png,../masks_assorted/mask_539.png,triange
83,323,135,6889,332,571787,../images_assorted/image_540.png,../masks_assorted/mask_540.png,square
69,233,86,2380,236,328509,../images_assorted/image_541.png,../masks_assorted/mask_541.png,triange
28,184,435,784,112,21952,../images_assorted/image_542.png,../masks_assorted/mask_542.png,square
114,89,170,40807,358,6202731,../images_assorted/image_543.png,../masks_assorted/mask_543.png,circle
100,95,204,5000,341,1000000,../images_assorted/image_544.png,../masks_assorted/mask_544.png,triange
66,390,69,4356,264,287496,../images_assorted/image_545.png,../masks_assorted/mask_545.png,square
28,384,298,392,96,21952,../images_assorted/image_546.png,../masks_assorted/mask_546.png,triange
75,338,173,2812,256,421875,../images_assorted/image_547.png,../masks_assorted/mask_547.png,triange
20,80,337,1256,63,33493,../images_assorted/image_548.png,../masks_assorted/mask_548.png,circle
20,402,400,400,80,8000,../images_assorted/image_549.png,../masks_assorted/mask_549.png,square
102,329,371,10404,408,1061208,../images_assorted/image_550.png,../masks_assorted/mask_550.png,square
105,399,423,11025,420,1157625,../images_assorted/image_551.png,../masks_assorted/mask_551.png,square
90,193,236,4050,307,729000,../images_assorted/image_552.png,../masks_assorted/mask_552.png,triange
29,286,136,2641,91,102109,../images_assorted/image_553.png,../masks_assorted/mask_553.png,circle
104,144,147,33962,327,4709431,../images_assorted/image_554.png,../masks_assorted/mask_554.png,circle
91,291,364,8281,364,753571,../images_assorted/image_555.png,../masks_assorted/mask_555.png,square
41,187,311,1681,164,68921,../images_assorted/image_556.png,../masks_assorted/mask_556.png,square
74,315,290,5476,296,405224,../images_assorted/image_557.png,../masks_assorted/mask_557.png,square
98,276,323,4802,335,941192,../images_assorted/image_558.png,../masks_assorted/mask_558.png,triange
62,72,190,3844,248,238328,../images_assorted/image_559.png,../masks_assorted/mask_559.png,square
85,173,224,3612,290,614125,../images_assorted/image_560.png,../masks_assorted/mask_560.png,triange
24,420,155,576,96,13824,../images_assorted/image_561.png,../masks_assorted/mask_561.png,square
70,214,163,2450,239,343000,../images_assorted/image_562.png,../masks_assorted/mask_562.png,triange
112,286,119,12544,448,1404928,../images_assorted/image_563.png,../masks_assorted/mask_563.png,square
16,93,307,804,50,17149,../images_assorted/image_564.png,../masks_assorted/mask_564.png,circle
48,436,338,1152,164,110592,../images_assorted/image_565.png,../masks_assorted/mask_565.png,triange
106,300,78,5618,362,1191016,../images_assorted/image_566.png,../masks_assorted/mask_566.png,triange
44,199,264,6079,138,356637,../images_assorted/image_567.png,../masks_assorted/mask_567.png,circle
72,139,323,16278,226,1562665,../images_assorted/image_568.png,../masks_assorted/mask_568.png,circle
77,134,313,2964,263,456533,../images_assorted/image_569.png,../masks_assorted/mask_569.png,triange
102,141,168,10404,408,1061208,../images_assorted/image_570.png,../masks_assorted/mask_570.png,square
26,354,142,2123,82,73585,../images_assorted/image_571.png,../masks_assorted/mask_571.png,circle
25,135,253,312,85,15625,../images_assorted/image_572.png,../masks_assorted/mask_572.png,triange
53,180,276,8820,166,623298,../images_assorted/image_573.png,../masks_assorted/mask_573.png,circle
37,413,67,1369,148,50653,../images_assorted/image_574.png,../masks_assorted/mask_574.png,square
39,351,330,760,133,59319,../images_assorted/image_575.png,../masks_assorted/mask_575.png,triange
87,101,311,7569,348,658503,../images_assorted/image_576.png,../masks_assorted/mask_576.png,square
111,379,196,38688,349,5725815,../images_assorted/image_577.png,../masks_assorted/mask_577.png,circle
104,92,291,5408,355,1124864,../images_assorted/image_578.png,../masks_assorted/mask_578.png,triange
32,376,122,3215,100,137189,../images_assorted/image_579.png,../masks_assorted/mask_579.png,circle
67,393,273,2244,229,300763,../images_assorted/image_580.png,../masks_assorted/mask_580.png,triange
29,429,210,841,116,24389,../images_assorted/image_581.png,../masks_assorted/mask_581.png,square
70,339,331,2450,239,343000,../images_assorted/image_582.png,../masks_assorted/mask_582.png,triange
63,252,295,1984,215,250047,../images_assorted/image_583.png,../masks_assorted/mask_583.png,triange
16,142,138,128,55,4096,../images_assorted/image_584.png,../masks_assorted/mask_584.png,triange
74,416,159,5476,296,405224,../images_assorted/image_585.png,../masks_assorted/mask_585.png,square
116,266,403,6728,396,1560896,../images_assorted/image_586.png,../masks_assorted/mask_586.png,triange
45,106,193,1012,154,91125,../images_assorted/image_587.png,../masks_assorted/mask_587.png,triange
67,143,288,2244,229,300763,../images_assorted/image_588.png,../masks_assorted/mask_588.png,triange
71,86,380,2520,242,357911,../images_assorted/image_589.png,../masks_assorted/mask_589.png,triange
64,445,205,12861,201,1097510,../images_assorted/image_590.png,../masks_assorted/mask_590.png,circle
40,382,94,5024,126,267947,../images_assorted/image_591.png,../masks_assorted/mask_591.png,circle
81,364,444,6561,324,531441,../images_assorted/image_592.png,../masks_assorted/mask_592.png,square
61,371,210,3721,244,226981,../images_assorted/image_593.png,../masks_assorted/mask_593.png,square
26,218,439,2123,82,73585,../images_assorted/image_594.png,../masks_assorted/mask_594.png,circle
70,315,236,15386,220,1436027,../images_assorted/image_595.png,../masks_assorted/mask_595.png,circle
52,240,167,1352,178,140608,../images_assorted/image_596.png,../masks_assorted/mask_596.png,triange
71,342,220,15829,223,1498454,../images_assorted/image_597.png,../masks_assorted/mask_597.png,circle
43,112,406,924,147,79507,../images_assorted/image_598.png,../masks_assorted/mask_598.png,triange
70,352,118,15386,220,1436027,../images_assorted/image_599.png,../masks_assorted/mask_599.png,circle
21,64,412,220,72,9261,../images_assorted/image_600.png,../masks_assorted/mask_600.png,triange
32,192,161,1024,128,32768,../images_assorted/image_601.png,../masks_assorted/mask_601.png,square
96,162,295,9216,384,884736,../images_assorted/image_602.png,../masks_assorted/mask_602.png,square
43,155,271,1849,172,79507,../images_assorted/image_603.png,../masks_assorted/mask_603.png,square
77,110,213,5929,308,456533,../images_assorted/image_604.png,../masks_assorted/mask_604.png,square
70,429,448,2450,239,343000,../images_assorted/image_605.png,../masks_assorted/mask_605.png,triange
76,322,119,2888,259,438976,../images_assorted/image_606.png,../masks_assorted/mask_606.png,triange
108,88,65,11664,432,1259712,../images_assorted/image_607.png,../masks_assorted/mask_607.png,square
98,77,199,30157,308,3940457,../images_assorted/image_608.png,../masks_assorted/mask_608.png,circle
72,427,288,16278,226,1562665,../images_assorted/image_609.png,../masks_assorted/mask_609.png,circle
34,187,387,3630,107,164553,../images_assorted/image_610.png,../masks_assorted/mask_610.png,circle
99,75,347,4900,338,970299,../images_assorted/image_611.png,../masks_assorted/mask_611.png,triange
62,355,365,12070,195,997800,../images_assorted/image_612.png,../masks_assorted/mask_612.png,circle
86,125,257,3698,294,636056,../images_assorted/image_613.png,../masks_assorted/mask_613.png,triange
77,102,350,5929,308,456533,../images_assorted/image_614.png,../masks_assorted/mask_614.png,square
44,331,222,1936,176,85184,../images_assorted/image_615.png,../masks_assorted/mask_615.png,square
50,260,226,2500,200,125000,../images_assorted/image_616.png,../masks_assorted/mask_616.png,square
62,173,269,3844,248,238328,../images_assorted/image_617.png,../masks_assorted/mask_617.png,square
17,65,420,289,68,4913,../images_assorted/image_618.png,../masks_assorted/mask_618.png,square
59,65,212,1740,201,205379,../images_assorted/image_619.png,../masks_assorted/mask_619.png,triange
103,283,264,33312,323,4574884,../images_assorted/image_620.png,../masks_assorted/mask_620.png,circle
42,265,166,1764,168,74088,../images_assorted/image_621.png,../masks_assorted/mask_621.png,square
66,378,311,4356,264,287496,../images_assorted/image_622.png,../masks_assorted/mask_622.png,square
85,392,66,3612,290,614125,../images_assorted/image_623.png,../masks_assorted/mask_623.png,triange
27,206,99,729,108,19683,../images_assorted/image_624.png,../masks_assorted/mask_624.png,square
87,268,188,3784,297,658503,../images_assorted/image_625.png,../masks_assorted/mask_625.png,triange
88,282,172,3872,300,681472,../images_assorted/image_626.png,../masks_assorted/mask_626.png,triange
69,65,307,4761,276,328509,../images_assorted/image_627.png,../masks_assorted/mask_627.png,square
59,193,433,10930,185,859853,../images_assorted/image_628.png,../masks_assorted/mask_628.png,circle
94,143,199,4418,321,830584,../images_assorted/image_629.png,../masks_assorted/mask_629.png,triange
78,88,144,6084,312,474552,../images_assorted/image_630.png,../masks_assorted/mask_630.png,square
55,180,194,9499,173,696557,../images_assorted/image_631.png,../masks_assorted/mask_631.png,circle
38,379,243,4534,119,229731,../images_assorted/image_632.png,../masks_assorted/mask_632.png,circle
81,216,387,6561,324,531441,../images_assorted/image_633.png,../masks_assorted/mask_633.png,square
84,396,364,3528,287,592704,../images_assorted/image_634.png,../masks_assorted/mask_634.png,triange
76,353,214,5776,304,438976,../images_assorted/image_635.png,../masks_assorted/mask_635.png,square
46,428,152,1058,157,97336,../images_assorted/image_636.png,../masks_assorted/mask_636.png,triange
37,106,164,1369,148,50653,../images_assorted/image_637.png,../masks_assorted/mask_637.png,square
61,257,197,3721,244,226981,../images_assorted/image_638.png,../masks_assorted/mask_638.png,square
112,339,413,12544,448,1404928,../images_assorted/image_639.png,../masks_assorted/mask_639.png,square
51,429,224,1300,174,132651,../images_assorted/image_640.png,../masks_assorted/mask_640.png,triange
96,337,136,9216,384,884736,../images_assorted/image_641.png,../masks_assorted/mask_641.png,square
79,89,405,6241,316,493039,../images_assorted/image_642.png,../masks_assorted/mask_642.png,square
48,131,70,7235,151,463012,../images_assorted/image_643.png,../masks_assorted/mask_643.png,circle
24,72,318,576,96,13824,../images_assorted/image_644.png,../masks_assorted/mask_644.png,square
45,143,436,6359,141,381510,../images_assorted/image_645.png,../masks_assorted/mask_645.png,circle
28,384,336,784,112,21952,../images_assorted/image_646.png,../masks_assorted/mask_646.png,square
33,164,363,1089,132,35937,../images_assorted/image_647.png,../masks_assorted/mask_647.png,square
56,343,240,9847,176,735246,../images_assorted/image_648.png,../masks_assorted/mask_648.png,circle
33,348,385,544,113,35937,../images_assorted/image_649.png,../masks_assorted/mask_649.png,triange
76,257,328,5776,304,438976,../images_assorted/image_650.png,../masks_assorted/mask_650.png,square
41,173,421,5278,129,288549,../images_assorted/image_651.png,../masks_assorted/mask_651.png,circle
39,434,327,1521,156,59319,../images_assorted/image_652.png,../masks_assorted/mask_652.png,square
96,296,358,9216,384,884736,../images_assorted/image_653.png,../masks_assorted/mask_653.png,square
117,166,443,6844,399,1601613,../images_assorted/image_654.png,../masks_assorted/mask_654.png,triange
47,376,99,1104,160,103823,../images_assorted/image_655.png,../masks_assorted/mask_655.png,triange
110,419,434,12100,440,1331000,../images_assorted/image_656.png,../masks_assorted/mask_656.png,square
57,214,97,1624,195,185193,../images_assorted/image_657.png,../masks_assorted/mask_657.png,triange
67,179,193,2244,229,300763,../images_assorted/image_658.png,../masks_assorted/mask_658.png,triange
43,189,226,1849,172,79507,../images_assorted/image_659.png,../masks_assorted/mask_659.png,square
88,361,209,24316,276,2853096,../images_assorted/image_660.png,../masks_assorted/mask_660.png,circle
66,267,164,13678,207,1203650,../images_assorted/image_661.png,../masks_assorted/mask_661.png,circle
46,392,117,2116,184,97336,../images_assorted/image_662.png,../masks_assorted/mask_662.png,square
19,401,426,1134,60,28716,../images_assorted/image_663.png,../masks_assorted/mask_663.png,circle
35,386,405,1225,140,42875,../images_assorted/image_664.png,../masks_assorted/mask_664.png,square
60,158,445,1800,205,216000,../images_assorted/image_665.png,../masks_assorted/mask_665.png,triange
62,191,160,12070,195,997800,../images_assorted/image_666.png,../masks_assorted/mask_666.png,circle
54,260,160,2916,216,157464,../images_assorted/image_667.png,../masks_assorted/mask_667.png,square
43,134,438,1849,172,79507,../images_assorted/image_668.png,../masks_assorted/mask_668.png,square
29,444,231,841,116,24389,../images_assorted/image_669.png,../masks_assorted/mask_669.png,square
105,82,94,5512,358,1157625,../images_assorted/image_670.png,../masks_assorted/mask_670.png,triange
70,142,303,4900,280,343000,../images_assorted/image_671.png,../masks_assorted/mask_671.png,square
50,252,384,7850,157,523333,../images_assorted/image_672.png,../masks_assorted/mask_672.png,circle
38,274,276,4534,119,229731,../images_assorted/image_673.png,../masks_assorted/mask_673.png,circle
84,257,224,22156,264,2481454,../images_assorted/image_674.png,../masks_assorted/mask_674.png,circle
71,106,285,2520,242,357911,../images_assorted/image_675.png,../masks_assorted/mask_675.png,triange
112,146,285,12544,448,1404928,../images_assorted/image_676.png,../masks_assorted/mask_676.png,square
27,100,189,729,108,19683,../images_assorted/image_677.png,../masks_assorted/mask_677.png,square
113,214,170,40095,355,6040929,../images_assorted/image_678.png,../masks_assorted/mask_678.png,circle
39,208,287,760,133,59319,../images_assorted/image_679.png,../masks_assorted/mask_679.png,triange
17,66,321,144,58,4913,../images_assorted/image_680.png,../masks_assorted/mask_680.png,triange
48,259,370,1152,164,110592,../images_assorted/image_681.png,../masks_assorted/mask_681.png,triange
48,141,220,7235,151,463012,../images_assorted/image_682.png,../masks_assorted/mask_682.png,circle
28,308,331,784,112,21952,../images_assorted/image_683.png,../masks_assorted/mask_683.png,square
105,140,153,34618,330,4846590,../images_assorted/image_684.png,../masks_assorted/mask_684.png,circle
85,334,367,3612,290,614125,../images_assorted/image_685.png,../masks_assorted/mask_685.png,triange
41,378,301,5278,129,288549,../images_assorted/image_686.png,../masks_assorted/mask_686.png,circle
39,82,299,1521,156,59319,../images_assorted/image_687.png,../masks_assorted/mask_687.png,square
52,171,285,1352,178,140608,../images_assorted/image_688.png,../masks_assorted/mask_688.png,triange
65,95,349,13266,204,1149763,../images_assorted/image_689.png,../masks_assorted/mask_689.png,circle
96,85,298,9216,384,884736,../images_assorted/image_690.png,../masks_assorted/mask_690.png,square
110,182,228,12100,440,1331000,../images_assorted/image_691.png,../masks_assorted/mask_691.png,square
18,259,165,1017,57,24417,../images_assorted/image_692.png,../masks_assorted/mask_692.png,circle
76,297,71,18137,239,1837846,../images_assorted/image_693.png,../masks_assorted/mask_693.png,circle
57,157,356,1624,195,185193,../images_assorted/image_694.png,../masks_assorted/mask_694.png,triange
61,161,255,11684,192,950294,../images_assorted/image_695.png,../masks_assorted/mask_695.png,circle
69,108,421,4761,276,328509,../images_assorted/image_696.png,../masks_assorted/mask_696.png,square
92,316,226,26577,289,3260107,../images_assorted/image_697.png,../masks_assorted/mask_697.png,circle
54,118,397,9156,170,659249,../images_assorted/image_698.png,../masks_assorted/mask_698.png,circle
109,127,448,5940,372,1295029,../images_assorted/image_699.png,../masks_assorted/mask_699.png,triange
21,282,391,1385,66,38773,../images_assorted/image_700.png,../masks_assorted/mask_700.png,circle
42,71,402,1764,168,74088,../images_assorted/image_701.png,../masks_assorted/mask_701.png,square
47,399,343,6936,148,434672,../images_assorted/image_702.png,../masks_assorted/mask_702.png,circle
99,167,410,4900,338,970299,../images_assorted/image_703.png,../masks_assorted/mask_703.png,triange
55,122,66,3025,220,166375,../images_assorted/image_704.png,../masks_assorted/mask_704.png,square
52,435,101,8491,163,588679,../images_assorted/image_705.png,../masks_assorted/mask_705.png,circle
78,93,201,19104,245,1986791,../images_assorted/image_706.png,../masks_assorted/mask_706.png,circle
25,273,231,312,85,15625,../images_assorted/image_707.png,../masks_assorted/mask_707.png,triange
43,183,319,5806,135,332869,../images_assorted/image_708.png,../masks_assorted/mask_708.png,circle
40,301,215,5024,126,267947,../images_assorted/image_709.png,../masks_assorted/mask_709.png,circle
102,385,256,32669,320,4442924,../images_assorted/image_710.png,../masks_assorted/mask_710.png,circle
93,143,332,27158,292,3367575,../images_assorted/image_711.png,../masks_assorted/mask_711.png,circle
85,171,390,22687,267,2571137,../images_assorted/image_712.png,../masks_assorted/mask_712.png,circle
84,288,74,7056,336,592704,../images_assorted/image_713.png,../masks_assorted/mask_713.png,square
18,325,125,162,61,5832,../images_assorted/image_714.png,../masks_assorted/mask_714.png,triange
63,255,119,3969,252,250047,../images_assorted/image_715.png,../masks_assorted/mask_715.png,square
68,370,128,4624,272,314432,../images_assorted/image_716.png,../masks_assorted/mask_716.png,square
45,218,107,6359,141,381510,../images_assorted/image_717.png,../masks_assorted/mask_717.png,circle
52,431,316,8491,163,588679,../images_assorted/image_718.png,../masks_assorted/mask_718.png,circle
110,255,416,37994,345,5572453,../images_assorted/image_719.png,../masks_assorted/mask_719.png,circle
59,434,203,1740,201,205379,../images_assorted/image_720.png,../masks_assorted/mask_720.png,triange
116,314,86,13456,464,1560896,../images_assorted/image_721.png,../masks_assorted/mask_721.png,square
50,214,391,1250,171,125000,../images_assorted/image_722.png,../masks_assorted/mask_722.png,triange
64,75,391,12861,201,1097510,../images_assorted/image_723.png,../masks_assorted/mask_723.png,circle
53,100,346,8820,166,623298,../images_assorted/image_724.png,../masks_assorted/mask_724.png,circle
72,272,215,5184,288,373248,../images_assorted/image_725.png,../masks_assorted/mask_725.png,square
106,335,107,35281,333,4986387,../images_assorted/image_726.png,../masks_assorted/mask_726.png,circle
114,216,305,40807,358,6202731,../images_assorted/image_727.png,../masks_assorted/mask_727.png,circle
74,111,291,2738,253,405224,../images_assorted/image_728.png,../masks_assorted/mask_728.png,triange
88,111,212,7744,352,681472,../images_assorted/image_729.png,../masks_assorted/mask_729.png,square
57,65,346,10202,179,775341,../images_assorted/image_730.png,../masks_assorted/mask_730.png,circle
116,215,181,6728,396,1560896,../images_assorted/image_731.png,../masks_assorted/mask_731.png,triange
101,332,309,32031,317,4313527,../images_assorted/image_732.png,../masks_assorted/mask_732.png,circle
79,411,175,6241,316,493039,../images_assorted/image_733.png,../masks_assorted/mask_733.png,square
72,304,272,5184,288,373248,../images_assorted/image_734.png,../masks_assorted/mask_734.png,square
16,390,445,256,64,4096,../images_assorted/image_735.png,../masks_assorted/mask_735.png,square
88,439,280,24316,276,2853096,../images_assorted/image_736.png,../masks_assorted/mask_736.png,circle
81,303,342,6561,324,531441,../images_assorted/image_737.png,../masks_assorted/mask_737.png,square
101,150,339,5100,345,1030301,../images_assorted/image_738.png,../masks_assorted/mask_738.png,triange
112,363,190,12544,448,1404928,../images_assorted/image_739.png,../masks_assorted/mask_739.png,square
49,209,373,7539,154,492557,../images_assorted/image_740.png,../masks_assorted/mask_740.png,circle
109,187,182,11881,436,1295029,../images_assorted/image_741.png,../masks_assorted/mask_741.png,square
64,189,96,4096,256,262144,../images_assorted/image_742.png,../masks_assorted/mask_742.png,square
34,331,325,578,116,39304,../images_assorted/image_743.png,../masks_assorted/mask_743.png,triange
48,431,157,1152,164,110592,../images_assorted/image_744.png,../masks_assorted/mask_744.png,triange
59,405,200,3481,236,205379,../images_assorted/image_745.png,../masks_assorted/mask_745.png,square
49,328,354,2401,196,117649,../images_assorted/image_746.png,../masks_assorted/mask_746.png,square
29,430,337,420,99,24389,../images_assorted/image_747.png,../masks_assorted/mask_747.png,triange
44,93,104,1936,176,85184,../images_assorted/image_748.png,../masks_assorted/mask_748.png,square
95,377,382,9025,380,857375,../images_assorted/image_749.png,../masks_assorted/mask_749.png,square
61,335,71,11684,192,950294,../images_assorted/image_750.png,../masks_assorted/mask_750.png,circle
66,264,86,13678,207,1203650,../images_assorted/image_751.png,../masks_assorted/mask_751.png,circle
16,266,103,128,55,4096,../images_assorted/image_752.png,../masks_assorted/mask_752.png,triange
23,209,434,1661,72,50939,../images_assorted/image_753.png,../masks_assorted/mask_753.png,circle
76,103,130,2888,259,438976,../images_assorted/image_754.png,../masks_assorted/mask_754.png,triange
29,396,207,2641,91,102109,../images_assorted/image_755.png,../masks_assorted/mask_755.png,circle
48,318,173,7235,151,463012,../images_assorted/image_756.png,../masks_assorted/mask_756.png,circle
93,443,115,4324,318,804357,../images_assorted/image_757.png,../masks_assorted/mask_757.png,triange
58,148,384,3364,232,195112,../images_assorted/image_758.png,../masks_assorted/mask_758.png,square
116,222,339,13456,464,1560896,../images_assorted/image_759.png,../masks_assorted/mask_759.png,square
57,446,151,1624,195,185193,../images_assorted/image_760.png,../masks_assorted/mask_760.png,triange
98,303,203,4802,335,941192,../images_assorted/image_761.png,../masks_assorted/mask_761.png,triange
115,436,224,6612,393,1520875,../images_assorted/image_762.png,../masks_assorted/mask_762.png,triange
116,364,137,6728,396,1560896,../images_assorted/image_763.png,../masks_assorted/mask_763.png,triange
60,292,365,3600,240,216000,../images_assorted/image_764.png,../masks_assorted/mask_764.png,square
84,172,125,3528,287,592704,../images_assorted/image_765.png,../masks_assorted/mask_765.png,triange
77,233,438,2964,263,456533,../images_assorted/image_766.png,../masks_assorted/mask_766.png,triange
99,326,341,9801,396,970299,../images_assorted/image_767.png,../masks_assorted/mask_767.png,square
105,277,251,5512,358,1157625,../images_assorted/image_768.png,../masks_assorted/mask_768.png,triange
74,252,350,17195,232,1696538,../images_assorted/image_769.png,../masks_assorted/mask_769.png,circle
103,425,375,5304,352,1092727,../images_assorted/image_770.png,../masks_assorted/mask_770.png,triange
113,320,277,40095,355,6040929,../images_assorted/image_771.png,../masks_assorted/mask_771.png,circle
38,356,411,1444,152,54872,../images_assorted/image_772.png,../masks_assorted/mask_772.png,square
51,404,92,1300,174,132651,../images_assorted/image_773.png,../masks_assorted/mask_773.png,triange
24,174,428,288,82,13824,../images_assorted/image_774.png,../masks_assorted/mask_774.png,triange
80,174,148,3200,273,512000,../images_assorted/image_775.png,../masks_assorted/mask_775.png,triange
70,141,69,15386,220,1436027,../images_assorted/image_776.png,../masks_assorted/mask_776.png,circle
102,270,234,10404,408,1061208,../images_assorted/image_777.png,../masks_assorted/mask_777.png,square
25,314,365,312,85,15625,../images_assorted/image_778.png,../masks_assorted/mask_778.png,triange
92,329,435,4232,314,778688,../images_assorted/image_779.png,../masks_assorted/mask_779.png,triange
89,283,174,7921,356,704969,../images_assorted/image_780.png,../masks_assorted/mask_780.png,square
68,420,190,4624,272,314432,../images_assorted/image_781.png,../masks_assorted/mask_781.png,square
30,438,284,900,120,27000,../images_assorted/image_782.png,../masks_assorted/mask_782.png,square
84,412,280,22156,264,2481454,../images_assorted/image_783.png,../masks_assorted/mask_783.png,circle
45,255,254,6359,141,381510,../images_assorted/image_784.png,../masks_assorted/mask_784.png,circle
36,331,248,1296,144,46656,../images_assorted/image_785.png,../masks_assorted/mask_785.png,square
115,142,334,13225,460,1520875,../images_assorted/image_786.png,../masks_assorted/mask_786.png,square
45,412,352,6359,141,381510,../images_assorted/image_787.png,../masks_assorted/mask_787.png,circle
116,424,341,42252,364,6534951,../images_assorted/image_788.png,../masks_assorted/mask_788.png,circle
88,222,395,7744,352,681472,../images_assorted/image_789.png,../masks_assorted/mask_789.png,square
16,321,394,128,55,4096,../images_assorted/image_790.png,../masks_assorted/mask_790.png,triange
55,333,181,9499,173,696557,../images_assorted/image_791.png,../masks_assorted/mask_791.png,circle
43,94,313,5806,135,332869,../images_assorted/image_792.png,../masks_assorted/mask_792.png,circle
90,123,173,8100,360,729000,../images_assorted/image_793.png,../masks_assorted/mask_793.png,square
37,418,405,4299,116,212067,../images_assorted/image_794.png,../masks_assorted/mask_794.png,circle
30,156,72,450,102,27000,../images_assorted/image_795.png,../masks_assorted/mask_795.png,triange
95,319,324,9025,380,857375,../images_assorted/image_796.png,../masks_assorted/mask_796.png,square
72,147,305,5184,288,373248,../images_assorted/image_797.png,../masks_assorted/mask_797.png,square
80,372,411,3200,273,512000,../images_assorted/image_798.png,../masks_assorted/mask_798.png,triange
19,327,297,361,76,6859,../images_assorted/image_799.png,../masks_assorted/mask_799.png,square
37,257,331,684,126,50653,../images_assorted/image_800.png,../masks_assorted/mask_800.png,triange
68,85,308,4624,272,314432,../images_assorted/image_801.png,../masks_assorted/mask_801.png,square
27,375,207,2289,85,82406,../images_assorted/image_802.png,../masks_assorted/mask_802.png,circle
67,410,77,4489,268,300763,../images_assorted/image_803.png,../masks_assorted/mask_803.png,square
17,298,212,144,58,4913,../images_assorted/image_804.png,../masks_assorted/mask_804.png,triange
50,198,220,1250,171,125000,../images_assorted/image_805.png,../masks_assorted/mask_805.png,triange
61,157,143,1860,208,226981,../images_assorted/image_806.png,../masks_assorted/mask_806.png,triange
97,408,396,29544,305,3821058,../images_assorted/image_807.png,../masks_assorted/mask_807.png,circle
83,80,163,6889,332,571787,../images_assorted/image_808.png,../masks_assorted/mask_808.png,square
82,365,332,6724,328,551368,../images_assorted/image_809.png,../masks_assorted/mask_809.png,square
43,260,252,5806,135,332869,../images_assorted/image_810.png,../masks_assorted/mask_810.png,circle
18,288,242,1017,57,24417,../images_assorted/image_811.png,../masks_assorted/mask_811.png,circle
87,252,192,3784,297,658503,../images_assorted/image_812.png,../masks_assorted/mask_812.png,triange
17,291,186,144,58,4913,../images_assorted/image_813.png,../masks_assorted/mask_813.png,triange
86,349,420,7396,344,636056,../images_assorted/image_814.png,../masks_assorted/mask_814.png,square
54,91,95,1458,184,157464,../images_assorted/image_815.png,../masks_assorted/mask_815.png,triange
49,269,204,2401,196,117649,../images_assorted/image_816.png,../masks_assorted/mask_816.png,square
77,379,311,18617,242,1911351,../images_assorted/image_817.png,../masks_assorted/mask_817.png,circle
103,72,151,33312,323,4574884,../images_assorted/image_818.png,../masks_assorted/mask_818.png,circle
64,300,204,4096,256,262144,../images_assorted/image_819.png,../masks_assorted/mask_819.png,square
118,292,299,43721,371,6878827,../images_assorted/image_820.png,../masks_assorted/mask_820.png,circle
60,425,271,11304,188,904320,../images_assorted/image_821.png,../masks_assorted/mask_821.png,circle
38,382,282,1444,152,54872,../images_assorted/image_822.png,../masks_assorted/mask_822.png,square
50,250,438,2500,200,125000,../images_assorted/image_823.png,../masks_assorted/mask_823.png,square
63,105,431,1984,215,250047,../images_assorted/image_824.png,../masks_assorted/mask_824.png,triange
65,200,147,4225,260,274625,../images_assorted/image_825.png,../masks_assorted/mask_825.png,square
21,68,205,220,72,9261,../images_assorted/image_826.png,../masks_assorted/mask_826.png,triange
113,67,217,6384,386,1442897,../images_assorted/image_827.png,../masks_assorted/mask_827.png,triange
64,423,186,2048,219,262144,../images_assorted/image_828.png,../masks_assorted/mask_828.png,triange
42,416,320,1764,168,74088,../images_assorted/image_829.png,../masks_assorted/mask_829.png,square
47,103,181,1104,160,103823,../images_assorted/image_830.png,../masks_assorted/mask_830.png,triange
95,178,310,9025,380,857375,../images_assorted/image_831.png,../masks_assorted/mask_831.png,square
95,206,321,28338,298,3589543,../images_assorted/image_832.png,../masks_assorted/mask_832.png,circle
49,342,230,1200,167,117649,../images_assorted/image_833.png,../masks_assorted/mask_833.png,triange
89,132,385,24872,279,2951470,../images_assorted/image_834.png,../masks_assorted/mask_834.png,circle
109,243,194,11881,436,1295029,../images_assorted/image_835.png,../masks_assorted/mask_835.png,square
81,365,228,20602,254,2224966,../images_assorted/image_836.png,../masks_assorted/mask_836.png,circle
15,74,284,706,47,14130,../images_assorted/image_837.png,../masks_assorted/mask_837.png,circle
45,182,400,6359,141,381510,../images_assorted/image_838.png,../masks_assorted/mask_838.png,circle
24,126,156,288,82,13824,../images_assorted/image_839.png,../masks_assorted/mask_839.png,triange
27,386,85,2289,85,82406,../images_assorted/image_840.png,../masks_assorted/mask_840.png,circle
72,170,365,2592,246,373248,../images_assorted/image_841.png,../masks_assorted/mask_841.png,triange
35,165,285,1225,140,42875,../images_assorted/image_842.png,../masks_assorted/mask_842.png,square
107,172,249,35950,336,5128847,../images_assorted/image_843.png,../masks_assorted/mask_843.png,circle
98,86,271,4802,335,941192,../images_assorted/image_844.png,../masks_assorted/mask_844.png,triange
34,158,152,578,116,39304,../images_assorted/image_845.png,../masks_assorted/mask_845.png,triange
89,149,85,7921,356,704969,../images_assorted/image_846.png,../masks_assorted/mask_846.png,square
52,218,444,8491,163,588679,../images_assorted/image_847.png,../masks_assorted/mask_847.png,circle
42,265,359,5539,132,310182,../images_assorted/image_848.png,../masks_assorted/mask_848.png,circle
63,207,87,1984,215,250047,../images_assorted/image_849.png,../masks_assorted/mask_849.png,triange
90,143,316,4050,307,729000,../images_assorted/image_850.png,../masks_assorted/mask_850.png,triange
110,73,336,37994,345,5572453,../images_assorted/image_851.png,../masks_assorted/mask_851.png,circle
39,205,261,760,133,59319,../images_assorted/image_852.png,../masks_assorted/mask_852.png,triange
59,387,79,10930,185,859853,../images_assorted/image_853.png,../masks_assorted/mask_853.png,circle
28,430,104,784,112,21952,../images_assorted/image_854.png,../masks_assorted/mask_854.png,square
64,189,206,4096,256,262144,../images_assorted/image_855.png,../masks_assorted/mask_855.png,square
71,320,439,2520,242,357911,../images_assorted/image_856.png,../masks_assorted/mask_856.png,triange
40,418,434,1600,160,64000,../images_assorted/image_857.png,../masks_assorted/mask_857.png,square
96,145,325,4608,328,884736,../images_assorted/image_858.png,../masks_assorted/mask_858.png,triange
112,232,333,39388,352,5881965,../images_assorted/image_859.png,../masks_assorted/mask_859.png,circle
29,433,70,420,99,24389,../images_assorted/image_860.png,../masks_assorted/mask_860.png,triange
104,170,282,5408,355,1124864,../images_assorted/image_861.png,../masks_assorted/mask_861.png,triange
84,108,370,22156,264,2481454,../images_assorted/image_862.png,../masks_assorted/mask_862.png,circle
117,101,173,13689,468,1601613,../images_assorted/image_863.png,../masks_assorted/mask_863.png,square
43,94,127,5806,135,332869,../images_assorted/image_864.png,../masks_assorted/mask_864.png,circle
24,310,429,576,96,13824,../images_assorted/image_865.png,../masks_assorted/mask_865.png,square
85,312,89,22687,267,2571137,../images_assorted/image_866.png,../masks_assorted/mask_866.png,circle
46,66,432,1058,157,97336,../images_assorted/image_867.png,../masks_assorted/mask_867.png,triange
57,217,381,10202,179,775341,../images_assorted/image_868.png,../masks_assorted/mask_868.png,circle
84,238,425,7056,336,592704,../images_assorted/image_869.png,../masks_assorted/mask_869.png,square
18,189,82,162,61,5832,../images_assorted/image_870.png,../masks_assorted/mask_870.png,triange
85,246,444,22687,267,2571137,../images_assorted/image_871.png,../masks_assorted/mask_871.png,circle
116,316,80,6728,396,1560896,../images_assorted/image_872.png,../masks_assorted/mask_872.png,triange
33,317,252,3419,104,150456,../images_assorted/image_873.png,../masks_assorted/mask_873.png,circle
50,300,260,2500,200,125000,../images_assorted/image_874.png,../masks_assorted/mask_874.png,square
63,246,425,1984,215,250047,../images_assorted/image_875.png,../masks_assorted/mask_875.png,triange
83,413,204,21631,261,2393882,../images_assorted/image_876.png,../masks_assorted/mask_876.png,circle
103,435,298,10609,412,1092727,../images_assorted/image_877.png,../masks_assorted/mask_877.png,square
58,323,151,3364,232,195112,../images_assorted/image_878.png,../masks_assorted/mask_878.png,square
60,167,323,1800,205,216000,../images_assorted/image_879.png,../masks_assorted/mask_879.png,triange
28,127,398,784,112,21952,../images_assorted/image_880.png,../masks_assorted/mask_880.png,square
67,434,387,2244,229,300763,../images_assorted/image_881.png,../masks_assorted/mask_881.png,triange
35,310,321,1225,140,42875,../images_assorted/image_882.png,../masks_assorted/mask_882.png,square
80,201,247,3200,273,512000,../images_assorted/image_883.png,../masks_assorted/mask_883.png,triange
22,314,76,484,88,10648,../images_assorted/image_884.png,../masks_assorted/mask_884.png,square
115,216,399,6612,393,1520875,../images_assorted/image_885.png,../masks_assorted/mask_885.png,triange
97,320,116,4704,331,912673,../images_assorted/image_886.png,../masks_assorted/mask_886.png,triange
109,429,101,11881,436,1295029,../images_assorted/image_887.png,../masks_assorted/mask_887.png,square
90,444,250,4050,307,729000,../images_assorted/image_888.png,../masks_assorted/mask_888.png,triange
85,76,281,3612,290,614125,../images_assorted/image_889.png,../masks_assorted/mask_889.png,triange
72,332,359,5184,288,373248,../images_assorted/image_890.png,../masks_assorted/mask_890.png,square
56,335,69,1568,191,175616,../images_assorted/image_891.png,../masks_assorted/mask_891.png,triange
22,91,314,242,75,10648,../images_assorted/image_892.png,../masks_assorted/mask_892.png,triange
72,227,86,2592,246,373248,../images_assorted/image_893.png,../masks_assorted/mask_893.png,triange
32,248,216,1024,128,32768,../images_assorted/image_894.png,../masks_assorted/mask_894.png,square
16,131,385,128,55,4096,../images_assorted/image_895.png,../masks_assorted/mask_895.png,triange
36,184,196,1296,144,46656,../images_assorted/image_896.png,../masks_assorted/mask_896.png,square
17,280,233,907,53,20569,../images_assorted/image_897.png,../masks_assorted/mask_897.png,circle
23,341,265,264,79,12167,../images_assorted/image_898.png,../masks_assorted/mask_898.png,triange
101,431,356,10201,404,1030301,../images_assorted/image_899.png,../masks_assorted/mask_899.png,square
20,322,114,400,80,8000,../images_assorted/image_900.png,../masks_assorted/mask_900.png,square
99,146,225,9801,396,970299,../images_assorted/image_901.png,../masks_assorted/mask_901.png,square
45,408,396,2025,180,91125,../images_assorted/image_902.png,../masks_assorted/mask_902.png,square
17,348,180,289,68,4913,../images_assorted/image_903.png,../masks_assorted/mask_903.png,square
73,313,94,5329,292,389017,../images_assorted/image_904.png,../masks_assorted/mask_904.png,square
22,423,89,242,75,10648,../images_assorted/image_905.png,../masks_assorted/mask_905.png,triange
107,238,349,35950,336,5128847,../images_assorted/image_906.png,../masks_assorted/mask_906.png,circle
33,66,105,1089,132,35937,../images_assorted/image_907.png,../masks_assorted/mask_907.png,square
60,67,388,1800,205,216000,../images_assorted/image_908.png,../masks_assorted/mask_908.png,triange
101,246,129,5100,345,1030301,../images_assorted/image_909.png,../masks_assorted/mask_909.png,triange
27,200,148,364,92,19683,../images_assorted/image_910.png,../masks_assorted/mask_910.png,triange
49,65,354,2401,196,117649,../images_assorted/image_911.png,../masks_assorted/mask_911.png,square
20,70,132,200,68,8000,../images_assorted/image_912.png,../masks_assorted/mask_912.png,triange
21,298,239,220,72,9261,../images_assorted/image_913.png,../masks_assorted/mask_913.png,triange
91,425,243,8281,364,753571,../images_assorted/image_914.png,../masks_assorted/mask_914.png,square
107,248,115,35950,336,5128847,../images_assorted/image_915.png,../masks_assorted/mask_915.png,circle
109,250,157,5940,372,1295029,../images_assorted/image_916.png,../masks_assorted/mask_916.png,triange
46,421,440,1058,157,97336,../images_assorted/image_917.png,../masks_assorted/mask_917.png,triange
69,366,262,2380,236,328509,../images_assorted/image_918.png,../masks_assorted/mask_918.png,triange
30,296,84,2826,94,113040,../images_assorted/image_919.png,../masks_assorted/mask_919.png,circle
33,243,354,544,113,35937,../images_assorted/image_920.png,../masks_assorted/mask_920.png,triange
85,147,399,3612,290,614125,../images_assorted/image_921.png,../masks_assorted/mask_921.png,triange
45,148,262,1012,154,91125,../images_assorted/image_922.png,../masks_assorted/mask_922.png,triange
117,272,236,13689,468,1601613,../images_assorted/image_923.png,../masks_assorted/mask_923.png,square
38,131,216,4534,119,229731,../images_assorted/image_924.png,../masks_assorted/mask_924.png,circle
59,243,242,10930,185,859853,../images_assorted/image_925.png,../masks_assorted/mask_925.png,circle
66,311,403,13678,207,1203650,../images_assorted/image_926.png,../masks_assorted/mask_926.png,circle
83,280,116,3444,283,571787,../images_assorted/image_927.png,../masks_assorted/mask_927.png,triange
63,176,304,1984,215,250047,../images_assorted/image_928.png,../masks_assorted/mask_928.png,triange
63,408,158,3969,252,250047,../images_assorted/image_929.png,../masks_assorted/mask_929.png,square
77,69,379,5929,308,456533,../images_assorted/image_930.png,../masks_assorted/mask_930.png,square
78,95,367,3042,266,474552,../images_assorted/image_931.png,../masks_assorted/mask_931.png,triange
56,104,414,1568,191,175616,../images_assorted/image_932.png,../masks_assorted/mask_932.png,triange
52,127,347,2704,208,140608,../images_assorted/image_933.png,../masks_assorted/mask_933.png,square
54,402,357,1458,184,157464,../images_assorted/image_934.png,../masks_assorted/mask_934.png,triange
109,439,223,11881,436,1295029,../images_assorted/image_935.png,../masks_assorted/mask_935.png,square
37,86,234,684,126,50653,../images_assorted/image_936.png,../masks_assorted/mask_936.png,triange
21,254,183,1385,66,38773,../images_assorted/image_937.png,../masks_assorted/mask_937.png,circle
59,66,340,1740,201,205379,../images_assorted/image_938.png,../masks_assorted/mask_938.png,triange
45,279,435,2025,180,91125,../images_assorted/image_939.png,../masks_assorted/mask_939.png,square
98,339,195,30157,308,3940457,../images_assorted/image_940.png,../masks_assorted/mask_940.png,circle
55,284,258,9499,173,696557,../images_assorted/image_941.png,../masks_assorted/mask_941.png,circle
33,207,105,3419,104,150456,../images_assorted/image_942.png,../masks_assorted/mask_942.png,circle
15,295,304,706,47,14130,../images_assorted/image_943.png,../masks_assorted/mask_943.png,circle
116,147,250,42252,364,6534951,../images_assorted/image_944.png,../masks_assorted/mask_944.png,circle
45,107,437,1012,154,91125,../images_assorted/image_945.png,../masks_assorted/mask_945.png,triange
54,65,137,2916,216,157464,../images_assorted/image_946.png,../masks_assorted/mask_946.png,square
30,164,271,900,120,27000,../images_assorted/image_947.png,../masks_assorted/mask_947.png,square
115,67,266,41526,361,6367397,../images_assorted/image_948.png,../masks_assorted/mask_948.png,circle
115,283,242,6612,393,1520875,../images_assorted/image_949.png,../masks_assorted/mask_949.png,triange
53,440,173,2809,212,148877,../images_assorted/image_950.png,../masks_assorted/mask_950.png,square
56,361,161,9847,176,735246,../images_assorted/image_951.png,../masks_assorted/mask_951.png,circle
74,68,203,5476,296,405224,../images_assorted/image_952.png,../masks_assorted/mask_952.png,square
40,312,102,1600,160,64000,../images_assorted/image_953.png,../masks_assorted/mask_953.png,square
34,230,387,3630,107,164553,../images_assorted/image_954.png,../masks_assorted/mask_954.png,circle
27,375,199,364,92,19683,../images_assorted/image_955.png,../masks_assorted/mask_955.png,triange
91,345,191,8281,364,753571,../images_assorted/image_956.png,../masks_assorted/mask_956.png,square
39,175,75,760,133,59319,../images_assorted/image_957.png,../masks_assorted/mask_957.png,triange
88,309,287,7744,352,681472,../images_assorted/image_958.png,../masks_assorted/mask_958.png,square
66,69,345,4356,264,287496,../images_assorted/image_959.png,../masks_assorted/mask_959.png,square
95,233,151,28338,298,3589543,../images_assorted/image_960.png,../masks_assorted/mask_960.png,circle
35,100,102,612,119,42875,../images_assorted/image_961.png,../masks_assorted/mask_961.png,triange
82,66,234,21113,257,2308394,../images_assorted/image_962.png,../masks_assorted/mask_962.png,circle
40,97,351,5024,126,267947,../images_assorted/image_963.png,../masks_assorted/mask_963.png,circle
55,252,142,3025,220,166375,../images_assorted/image_964.png,../masks_assorted/mask_964.png,square
47,221,276,6936,148,434672,../images_assorted/image_965.png,../masks_assorted/mask_965.png,circle
46,123,101,2116,184,97336,../images_assorted/image_966.png,../masks_assorted/mask_966.png,square
72,110,190,2592,246,373248,../images_assorted/image_967.png,../masks_assorted/mask_967.png,triange
21,83,358,220,72,9261,../images_assorted/image_968.png,../masks_assorted/mask_968.png,triange
97,258,389,4704,331,912673,../images_assorted/image_969.png,../masks_assorted/mask_969.png,triange
75,206,419,5625,300,421875,../images_assorted/image_970.png,../masks_assorted/mask_970.png,square
106,201,158,11236,424,1191016,../images_assorted/image_971.png,../masks_assorted/mask_971.png,square
85,345,228,7225,340,614125,../images_assorted/image_972.png,../masks_assorted/mask_972.png,square
91,244,189,4140,311,753571,../images_assorted/image_973.png,../masks_assorted/mask_973.png,triange
73,434,220,16733,229,1628685,../images_assorted/image_974.png,../masks_assorted/mask_974.png,circle
97,92,434,4704,331,912673,../images_assorted/image_975.png,../masks_assorted/mask_975.png,triange
47,353,67,6936,148,434672,../images_assorted/image_976.png,../masks_assorted/mask_976.png,circle
24,83,269,1809,75,57876,../images_assorted/image_977.png,../masks_assorted/mask_977.png,circle
28,281,213,784,112,21952,../images_assorted/image_978.png,../masks_assorted/mask_978.png,square
99,121,163,30775,311,4062318,../images_assorted/image_979.png,../masks_assorted/mask_979.png,circle
29,227,435,2641,91,102109,../images_assorted/image_980.png,../masks_assorted/mask_980.png,circle
39,415,322,4776,122,248349,../images_assorted/image_981.png,../masks_assorted/mask_981.png,circle
44,87,374,968,150,85184,../images_assorted/image_982.png,../masks_assorted/mask_982.png,triange
78,378,204,19104,245,1986791,../images_assorted/image_983.png,../masks_assorted/mask_983.png,circle
37,349,301,4299,116,212067,../images_assorted/image_984.png,../masks_assorted/mask_984.png,circle
32,353,393,512,109,32768,../images_assorted/image_985.png,../masks_assorted/mask_985.png,triange
34,360,163,578,116,39304,../images_assorted/image_986.png,../masks_assorted/mask_986.png,triange
35,218,376,1225,140,42875,../images_assorted/image_987.png,../masks_assorted/mask_987.png,square
30,271,97,450,102,27000,../images_assorted/image_988.png,../masks_assorted/mask_988.png,triange
84,244,365,22156,264,2481454,../images_assorted/image_989.png,../masks_assorted/mask_989.png,circle
87,431,196,7569,348,658503,../images_assorted/image_990.png,../masks_assorted/mask_990.png,square
95,135,331,4512,324,857375,../images_assorted/image_991.png,../masks_assorted/mask_991.png,triange
113,200,314,40095,355,6040929,../images_assorted/image_992.png,../masks_assorted/mask_992.png,circle
20,330,169,400,80,8000,../images_assorted/image_993.png,../masks_assorted/mask_993.png,square
79,310,186,19597,248,2064190,../images_assorted/image_994.png,../masks_assorted/mask_994.png,circle
71,252,94,5041,284,357911,../images_assorted/image_995.png,../masks_assorted/mask_995.png,square
50,222,186,2500,200,125000,../images_assorted/image_996.png,../masks_assorted/mask_996.png,square
104,147,364,10816,416,1124864,../images_assorted/image_997.png,../masks_assorted/mask_997.png,square
110,312,132,12100,440,1331000,../images_assorted/image_998.png,../masks_assorted/mask_998.png,square
45,219,265,2025,180,91125,../images_assorted/image_999.png,../masks_assorted/mask_999.png,square
19,425,213,361,76,6859,../images_assorted/image_1000.png,../masks_assorted/mask_1000.png,square
